hash,dog
e902872b862fdd83166f5c7c301ab736,0
99eb7ebc016cee78dafbef1df93613d2,0
1a5d48a957c839405f42278ac4ab3187,0
263a1482818060b5a903351eeb303ed8,0
f434d370b392be27524ec858e1bb0a89,0
b99d8c32755a21ee4d9132cd8183cc94,0
28409256b9f87075ec3266d7ef335b03,0
311b08c73e175d8b768a33f73f5e5bcf,0
45fa62536f0ab83bc9e3c91177656526,0
c212ff1116571699cfab9a62ba5d52a7,0
dd75e745e5b7a3b93c9c66883be3c1b6,0
e589242d3ca9fc56909810b249072362,0
a27e67f85906934999c8b80eb2a56128,0
a80dbc33f0b90ed0e3d2499645be950c,0
3b0047bc20ee0a5fe94cb01d33acb1d2,0
05448f889db414b2cb61577f672efe58,0
5dfecaaf522bc79e62fdf00ba2e62065,0
af8e664a75ddcdfc2faa493ab3a0b74f,0
e455752b2934bea5e083310a1876f652,0
f0ce5c61552c8d1e2085d7ee6ff76104,0
f05c400a011c70be72319dfb75a34ffe,0
05e82a26c15a198af0a977ae6a51bd08,0
2e0e11a616c95fea41a73893301c9fce,0
4ef8b3ef1eee02afd85c9098a5323ba8,0
8affa711337908bdbd46926c01e455ff,0
8f5566119c2f65fc44558b75e2ce5851,0
da028c2eea388bdc50b4ccd77bb2a3bd,0
1f7bdcc7ae44e06a83a983313b6775fb,0
be7d81ffb1d9e62ec51e322ee46dc61e,0
4b8cec6b48381a0264d912d027651cba,0
16edcf720c60d6cbc820e5758580dc38,0
37110917ae701ffe3cccea6b29c90a9b,0
7cb4ae712f832543978d96771ee76455,0
cc3f1eae442360b5c19acc3a3f032ca7,0
9562c7496f90fa89d5d0a055b2cd338f,0
b7e6732f6f1440eb553227dc2aa26419,0
8df6a5e15ea4c5c7d557cdaa15b334dc,0
bb6c65b7d6a7eb472023954ebe3553cb,0
cc521709bc4f636b585b99f98c839adb,0
1db43712cd080c6a90f471948f41640a,0
d1f4c22a4d59dc0b0802a1f2ad7c6209,0
28348b006ae07caacadfd85b6f0e146b,0
f00d0e114faf5834c920bbdd5831198f,0
f8260f6649b0a72caabb6a7e48cfdc8d,0
d80229b6ec6804ccc7399823153c6479,0
d73394cc54bbfc8c20ec76834ebfa7d7,0
d66fd211ad5813f5a9c8f2c290fa520e,0
82c7b2e12116ff31ab81a7fe1c9d9681,0
7aeb6c13515bf7e20639ce521d3eecc3,0
67d91e9f52de29503e78df0f0f187049,0
22b77f58162bfdd40d8047ffd0fd1927,0
2cb4118d5c8f5edc3f4ee8283b912c27,0
ae03c606bfa207330a2c7d71e4faf7dd,0
d9293d3f66f44414bbc2fae1730273be,0
0abc2ade4f510df78eb3ed28f505a333,0
54b2773e3aea982f210642f75c535a59,0
a88b94cf6d361a9a43150242fd3ec404,0
4ac5b3c5d0f991a761c1872dc75ba991,0
310386c0575ffe8de8e3dab85e76fbf8,0
a6bd18c89964c1994ac01f5540a7ff90,0
c170383e8e7bfa5a70cd3b53f6aef821,0
23bc260a04f5d321817ac06567072bc0,0
ffe941b34528fb9eba557ad4f29149b5,0
bf6dc74594f75902627ba7460870443e,0
a5f62b039a12733b20416c6c08dfa9ec,0
4177deff9a54c7c8cdc22cf9913fc750,0
cf372cf7a67969a8f4b9f49b96df2aae,0
ef7abbb1a359d5be7d1647ec3f809e13,0
47274ece0e34ade388c3ac2dd88c4d98,0
ca8d56be4721c8116f60b734563e8397,0
e7f4955cb53d8b1a713e124760c7a7e1,0
7a6fc2def5bfade0c627a2a0129db97d,0
7ae5accc1157779bed821e8794b48e9e,0
cd60f63d556eda5733122b21a45726ea,0
b564bfb392dabf9e0313c0bf02f89964,0
be00ec66b9a3640b37317acdfcfd5f1c,0
2997c705533c4681a1a93f95b8a396b1,0
e2ea3bf0fc7480dd12a1d5118dcca19b,0
c901a82c38012d21fedea754f654fd6c,0
2c55ec055697d795f61f2a7a299e2b8d,0
29649dbf5c04ad8599febe77e4522602,0
60a664b16b98db52cc1775d50036525e,0
3c0b1380afbedaaffa3b0042a0af446b,0
bb481b1d9309c062fc5f1a1bc622e3aa,0
9dbef089e29cef09346d95f726f6ad85,0
f3e57d5885d4ddbb510ed52040842eac,0
e61ff2fb0c83ab6a51152cba2ee0fbd2,0
5a27fa2240a86c530e7d973e5f7265df,0
b0e309f06e006ba17d10b588c888ba3a,0
68804b9b28660a4de42761ecf78dcecd,0
4b983320c36502b5d91b1babb4df60c5,0
e68c1169ffd1d5a8992ecb78fa5021d7,0
20f7055eb128f469d9296009ae47425c,0
5b6b1cf4b7e5a5226fe14c419589e9bf,0
6b4d12f17880aa5cec478074e5d8995e,0
60479a02189a8a0e519c65bce4222f57,0
f58de0387b9678b6d4a5a87b06824d1e,0
87df6c6543e31aa4b57b11e2190ba20c,0
ea021cb120c48cb43c10a89d4d56e0e4,0
acaa3a55579b203f95414cac01180e6f,0
b43ffa757b5db7e2e6f3f83ca892754b,0
3089612f306eb7720c4c0830ffc54a28,0
9d1d5f13627adc544b34ae0bf425a446,0
67c408d4715460e8402b8c0fa8cc5f8a,0
150c9456bdcc593e9d0933af3363a616,0
290b4159ec81b08118b63c54e3fed3ab,0
7510c8d3c3809632ff089214a3e674ee,0
834c71b29edb3703cf012eff5ceafcaf,0
23a693704b82dcafc76d2c4e29697dc3,0
72f629f1fa8cdf408bd6a35f4333ba99,0
64d6f112085d14237d8d0c1e2faa2133,0
33b54fe72396f10c27c16e9b5eb1905b,0
5d58f920e3bdade4be7b085c8fbafba9,0
5d94ad223a7af9484248420be4e0e763,0
e32746e49f0ece3dadbe642ebc6edacb,0
5595c4d5e7f9e12a7a5c8f335cb5f8f3,0
6a80a16c3b21bec412be92fa8785612c,0
25666393323f3b2105542ede9fc436d5,0
d6b7a56cc9462f9dcb277f876da1a0f4,0
7fdea4ca913ab18d502222840290dcc8,0
86063f6e83c8c39e530a6fdcb377bd9d,0
73890ae8884e533793f03b246ec6d1f7,0
940eb9f1e34dc11bc5a9369c07e7780c,0
857bd0fd3817da66d15dd56dcef9fb43,0
fa3351e7f094ed4253abd0767e343e36,0
b7a197d65806580f398f306f244b04cc,0
e90f3fcec5f6d20510b814ee0efebbd9,0
88b830ed73963238fbf9758a19ec8748,0
337da1ca1ff69b2dd36026e0f13ed1e2,0
cfcfaf70ed2d48ae6e7fa1137b0e4bd1,0
8354372b94982ffab3ad241c01380012,0
9a5db80180857ba748e053d996c9d1bc,0
0927f4287c5b24346095057d594c9496,0
c51d651ba674559492249ae19559925c,0
e6348d20b32ee2274c336082930c81b5,0
6fd46400fdfcfeef6aac090d0da00ff9,0
2fc1e448d74326d6bef415ed6a7bdea6,0
59995899e917016d73b1081bd17c9007,0
57cb472bcefbc35da5f60d54aed312ea,0
8ebb5fce914d3758761edaeac4b76488,0
b56cea0e5b8973d87d84ff066f8ff677,0
93312c452bc1fc5e167957c435515946,0
1d087fe95cd6c07a0b4682161fbd882c,0
65a5d0629c6a7f0c4fad79eaff77519e,0
1bb94f888e64a243cee9c3a44390055c,0
279589ac516b7c37c4df8173b7a23488,0
0a3526d80c542c3245c1912e6e5b83bc,0
4557d5f45f472e91ce578064cab26cbc,0
31c091e0395cbd0696a1bdd765e230bf,0
bb3a2c608be6f033b194227f67586948,0
7872658003015efca6bb3a731809c05c,0
0dd7de3e3057eddaadd6f27f17fe8ee7,0
9b51dcbe81aa260b216160b2c4d3fa71,0
83e7da742a54339cd76104c4443d0d54,0
59754c54fe635f162dc389ac643138d7,0
7185ac30d89d85b5413df7bc9a7dd1d5,0
646bf7c7d0ec6ab8f1d1660ea57d06ee,0
955fb967e3f40d81a5280f1708f73a8e,0
0c983f83ff6de117284f53907d9be28d,0
924953680e30853a6f680bc9d05b7d87,0
d8671e39df9c1cc4d86c14956aca2bf1,0
ca8fbafdbe402e1b3ae158223708c944,0
9bd3206a775389e9f783f607afae43b8,0
9a10f460baeb905ff2f29227cffb1ad7,0
d0dfba434c5fcecd81c7e601abae7026,0
f27999270d4459bc0c63a85ec20c9bda,0
9dcdfa1b57af2ce03478db143d502605,0
79ad59fde51001de186618273a418ed8,0
be8637dc79bb0489d025ee10f3512954,0
87f9b5750caa183def38a0c8f2c8376c,0
2de43eef919790334e1ad69a8069ad2e,0
9198ecf015ab4d519fd59a3c7c6779c3,0
8283397295dfb1f97d13c83b42222c0d,0
35edd5ce3746842a2f08aa74915a1fb5,0
e28a1e7e73e2bd3845b01550776324f0,0
ffcee7ce1d425e779b1381e64b45bc28,0
9cc1a56786f98e0d1e3a3a0faacbc695,0
c86b6922723ac59c91236fddfeb08b0b,0
19ef6eebe1dbbf9864bee5e167b6fcb2,0
d6a98c0b7627519dd88886c3f060ed47,0
f0d0a1ce6042bc2173cb63f27b31f6b6,0
10e17afbc2bdef4d19e8e998794ce409,0
03bd1c92db9d9b9c8b264ebe500056b6,0
d1abeeca799a71bd58b22e3f5acbcffe,0
4ab68694bcc676ce214677da27683476,0
4f5fe3a045ec9e197b57fd0eba8279b8,0
146727939eca30a704bc005d3c16edf9,0
75fcb89283983dedb8e3ddf3c7363e7e,0
6a1d40b058a06e3bfb59a1a70ba3496a,0
9900c23fdd101fd93c31867ac23ea827,0
1267c41ffab9370045f94f18b37f6079,0
26e652d196600dc81191d05e035e5ecc,0
174eafb88eae7821454bb738874d7a0f,0
0f2e6038c7667dce46ca53c0855bf702,0
db649ab594d519e6050023d037c32168,0
0aaff21d1dca5eb5703bc8e956cda06d,0
f4957ee6621ee1ec1dbe5b87cacd182e,0
7dd651e55ab0da2a00526f77147afe49,0
51229c2faaeda1b36ebe6e80bff5c1fe,0
11b0b5b1d0a005156c260d3bc9a23655,0
e8c3f46ba70d41b4ee75a9b144f6e42c,0
6525bfb5f3bfdc6568d887a83911bd8b,0
31fb08c92836a36b91adeae3e50c79ca,0
5ca8f8f460018d879ac1cf9d7b658aae,0
8ec8b8e4b58902bb24751460d04b0b19,0
8fa528b37fe8d62d9d5b671c4b4c2e11,0
31e6ac27ec3bda5ddc0b528394bd655b,0
137852ad3a37c248d3f4d838e908d5d6,0
a7433dfaa766daccc75e3505649fce14,0
4fcc36dbf5de4d60b3df0da44e85b918,0
b9148beb294adb34b27de7bdf5747f58,0
f27f8ea5556da13dffa4a252ce7ab37d,0
a855107e40c931771a6cf7f04a88d479,0
d34bd58a454a11ac2e4425bcf91946d7,0
abc9be86406856f4f362912fa10433c8,0
c707427c79964ab49f2cb87edbb4989a,0
1cc4930985f6c7e64c3c2644f9f70965,0
946b7baabd43e7e9dac7cf0cec004296,0
4ccdc9b5e82458deef633192f5b11133,0
825c67243df6e769f107d8608cf06318,0
be1283987f4c79db520e2a8435c3f623,0
ad03501e03d9a76340fa9a627ab691cb,0
55f30cd33a8ed8ccdd67ac42714859ee,0
50a97f916002d81a351e302800199051,0
0d822081aa4cf03bf9f66bd71f771e2f,0
ce64ec9298c34d9fedd332182a120b32,0
d82d10fffd2e64bfa251cc02a0eeb3c5,0
9b53ef84c76bc0f747cc62b34a744ff4,0
c0a427d108dcd68755c0669caba128a3,0
29080c200b7839036b00d2ed92a27120,0
21607b4ccba6fff969e5f06316f97ff0,0
dc5636ce6041c660c565a6374a5a5925,0
d1ea060c883ce35ba9497eb4dbc64d7d,0
a0ae38d63c3ba3bfe39f36b731ed234f,0
7de7a9ab60502aae0972e0a4180843df,0
fedb83efd40e1eb0302debb93c5d098f,0
96dc3fff06f3688ea7df31b8d191763e,0
7812fc5a75cd83f06861a45e891a0be9,0
fe9837f22de32e6c07f12cfbce423ae4,0
7731b8ee165886bb92a7c4a31d310d5f,0
9d8b5864ff5a7e2d889a69d72c80e63f,0
ad9df1abd44ee2502e90649a67829981,0
d01057645d385121d969e6f5b814a494,0
ebbb77d569385e4899ec893328e68267,0
32087d554724c0556f7b6352d4a30d17,0
d121f132134007ba39f76dc7288a6a58,0
50ae85362900c24a14b56f1d06852bea,0
7a761bc85b6156fc8fab91279150dc8b,0
a2d78c8278f8b6b4338a0b07e347b4e8,0
c1957bf2c23665227b694a0ceb64d533,0
41d9ec5aa23a895bc0503b147d556aa8,0
1c7b578f70f96e33232efb85391014fc,0
96e405a16806d7875d5e214819ca604b,0
acd6a52e7add64264bf8e94fdea2f2db,0
a20d64f93ca8ba7274d89f4bc3f40ffe,0
4d2ce711a4aff8a1aa0e7acf31ed6ea1,0
878d7aa846401e658e63d2cb8fc0756c,0
547cae20068a6b33459776a107aa9a5c,0
5ed154f9494fd740624e7d3871c660b3,0
70fc736039ad0ec6720e3cbda0dc4cac,0
9ba1da72b93aa41cd22b267fb3402598,0
70c3bf5c887041da9e5bf3528ebd7c78,0
2bd4b268825f8ff3ff676da9b426f075,0
869daca0eafafa48a4647c2303908776,0
bdf03a8620a1adb1bb54ca604bd11cc8,0
cf122e250b288afcac473ff7d69ed1ea,0
7859a864a49555b716ca33a2b021475a,0
98c297bd38afc6ca2836faa9cfb1206b,0
033d4ed56cd82da3b1b09357db3ed83c,0
65c9a8f20e62678b816519e067d17a3b,0
21b9ecaa8f4edcebefb2d90c68e2ca92,0
0e97b1e37b11ec4485ae1e7d3aac6061,0
59c0ad740e6ef59df5808581143fe8ea,0
20b9a819be6af6702bb2aed58d02815f,0
81398653fdb23441fb31447886651516,0
37f4c23c7d6ea9b2c54573b99675d8b6,0
73cad88910a7b2e1e4a199038d97920a,0
edcd670e029bcbe1840f6523140ebd2c,0
41e42de980c8dd6a35337f0a031edd97,0
14f99829efcee694ca62ec80e8200308,0
27f6cf9d96de84c3459f84eaeff5df7b,0
4ac820694c2cde79fc357577b05832f0,0
368a18f8e8a3405eb0521c5e4219be8d,0
11a236e4552160df5f23614625bcc5ad,0
5b4be5bb25b278dbaaab11d211bd8f23,0
4f1eb2c53c3251eca43b2da63d37c9a2,0
3bcf079c688b0f80d136fcdac008c46b,0
aec34cea2f107d024ca1da94811da631,0
dd6907452924bd324f3e5ba37945db51,0
0dd04b6c44b5be3c2382185b1b91a2a9,0
6e5e6a7dc474102588f5ca767dc7a276,0
e4eb60e74047765b7656fc0f3a0d437c,0
ba80f8b5d3d073025bfef4655ffd6e38,0
8be5670003e9834acc4c7e4815b75c8b,0
5ec607e187a17f905ab9071339269780,0
d39090805405b6982e1867270e41bff3,0
0dbd22b944b73f09cf9e37761c5af066,0
feaada37534681f3ed7cdaef518e38e3,0
8643a9b1f0284788b23208857ef78fc0,0
996a48a43f184d9c57d38b434438e608,0
3eb4a18b7b3df153b475a61141d3de88,0
a4b0d74e111e29a739c24f7acf2fab7a,0
fa3727a71c91a741d27ceabb39952039,0
c3c1f3e24c868bf6da589fe41117a211,0
c1e82f8b4195ed01f8f092847ffde90f,0
87dfaa0d8037c81e4e2e2c17889aa279,0
263d313fd71e6f388ad0b80155189bf5,0
68505e47d447c30cdd5c5b446a86ef3f,0
9cf8cdb7144095323320520e65b2464f,0
8e56cf0b727defaa2d6d8cd13772533a,0
ecfdda50edf0f2c62c3df221edadccf9,0
28ce7309b050eb22a988f490d8ba3289,0
06661b3976f53f936ae5d403279856c5,0
eeca695403efbc59eea4eeefcfaeae87,0
f3123e1158618b2429ab9c457fe57a2e,0
85aaa280f963b9e17dd672a2cb29ba87,0
b92b772f7c15e2ebb14a10cf283537d3,0
f3d80b2648f46cde887fd518be84a19a,0
7d0de24586082c20eb257756392bba3b,0
3b12c2db07ab6efb26ed3fe23cc709c4,0
b796a341a9393f8a3b3833906a04849e,0
882daca8c8f8ab0b836ad08580095112,0
82d7313e2f6ba415ce37c3b6e5a257cf,0
a8acf3bc16a4d58040d9e0272240c696,0
30b7c7665a52bdf41ec873e1e051275e,0
065d17fda9ca8febd1128986eee96bdc,0
18f77b29bc611a10312c15cfef4cc2e3,0
6fbee1a152d26efd52c0a01535b8eb91,0
45b4d5b5904bd9f50418bddfa2abbda8,0
f3b0ef2c8f2b27609d3cf025298c6609,0
6fe7236b8c5a8a386d9b8d4124f66279,0
67a1ddd10cc9fbf49edba09de9839418,0
098bd9bb57c9674ae66fa1401d26b400,0
7926ba82ddac2a3a68d9bd20983dbf4d,0
d084b8e87ee43fc012ff5a0a03b68342,0
6fbf36e626a7346daa1fb7548355f6d4,0
6a455bdf71fe267938b44c43d556e42e,0
04528a07d18690c2ec7bafcf0f0127ce,0
1d6de3a659df1b53d9a094661ff9a2b1,0
705e8c7d145fdb453e2b0678978f5136,0
7fcec86ab7ab509a296525e8f2a45d3e,0
2d90ad55027971e9a6848c6944de75f4,0
1435bd7590873646d53f6f0804ba824e,0
12890e63f30cdfd4b44c48aeb2bb7ba1,0
c4a93f00bbdfdf47bf0f4c499c1898e3,0
46b48daee99bb97c6a823f90c5915ca0,0
a313d78068f0059c96d047895ea0843c,0
59cd401a07b3426b717bfe585d7d3e6e,0
aca21dc528de54d921e486e999d23b60,0
4246da962ed0d7ebdbb347b4b33b4e1a,0
b98fc2cd43bd188ef232fb6d138a1b9d,0
a36fbc38719351d2d4e7b0dc30825afd,0
2c795c3f2e73078c1c7b5b01d11bd051,0
576844f37a80822b865bbb6eae4632c8,0
8f26dd1252ae3de862856edc1cb7359b,0
1917cf34cff6725f2d5b1d1f5fee5ed3,0
0ddf4c9ee71b9592c947e970d2d1945f,0
d27f4f5a0879b51891da2d1317e73e50,0
765a8217c87c023a5cc698a3f994ffe4,0
786be513f405d0f646c217e73c167981,0
2e97acfa0c0aa1117887cdfb62150d2b,0
5321801d2e3169f8b22b09e2ba544ba6,0
de951d29e5622cae2a79b9a8dc142044,0
08b2d34707951c565938b8ce1030c3fe,0
4457cfc0b6cd9bb425836a14d6f6fdd4,0
c605fa6cb65812181931754ce1bb08d1,0
c6713ca3b8d9ec69d9ecd1b6625d7fd9,0
ba2041b27181471b28f2d16ff92363b3,0
76c631920042aef5318d72ec3d521cdd,0
5eb2588bae619b5b18130faac5042c8c,0
9b76e6725b6a172fb4de87f4135928a6,0
dd08a2251c38e6ec0fe562909b198409,0
9985a5a0ca24c0aec45ef2e6572607e2,0
e734e64b5bc7a065ec4a781692544941,0
fa3c8d7f6dc0b912b4053b0dc83dfafd,0
0b9844966d1f757d97a8e777014b417c,0
affb6f03b212312066091a365a280c70,0
5785104a173946533025289f8be1a935,0
0d541a92751903b6a935c40776dc679e,0
e0e44d1340c262f4909629b2e3e2d6f8,0
26ee5cc15684830d43815afea007ef65,0
278e751e64e197c5a0de5d01b6c07aa4,0
5fa862d3b8102266ab0aa194155eeec4,0
0faa53025c645fe2566351381e25d543,0
4316319e32df3717e45aa9d5d11f40de,0
d8730caea83bef6650493af55c30e706,0
468ff287ce4aa02cf62dd9aa47219e0b,0
676a536b7c4ad4d6a3f43e9470b9776a,0
31650ced12cee9546f079f0215c550d6,0
8df3e5cbb6fd79da80e3b585d8f4d038,0
4b5aace50271c28efa81e41cfb64eb7e,0
6d9cfbaf8d28245218f7cd8ea60e20a8,0
6d91a892777d91516a7427d9143b1d6a,0
0865a2b6accf73b6e13fe468c073a0b3,0
5c796f1290a20d8a4b38890cca63a07e,0
acf94fe7b419bb8d2a9335f5f79ca15a,0
c6dc0afa25335599c067ae520089089e,0
a42112cae84fe7657d5be7698cee040d,0
21f88c7e1b4c78de73cb1c80b7dbd688,0
69ed32596c76b1f897296fee39f38448,0
72926dff41497d7f45170de71ff13edd,0
8435cd95076c4d309f4a3f737da55e30,0
0a75316f2e23ea1aebae5262b6979278,0
132f83ace210f1c26b6aa4a01d6c267d,0
bf17da4ae1ea83b79085e7709a3fc10d,0
7045f6327a9533bca201f720e66334f8,0
750bb40e443ef855afd944bcbb07e2ad,0
c4d2a2b5be81f0c1ca41643e0dd10519,0
f9ae12359a67ef8fe5f043289aa47f73,0
eb5cee461336171b1d41187e41c4e9a8,0
1c139a33d643ebe1369c9fa503e97ab9,0
5a2844016afd31cc73a8876529be2a07,0
394e580a32e7374a05bb05649541a6be,0
3f74db4dc5780b36f1b04ef114a6a88c,0
6091518f6f2f0d1166b54cbb2c5e9bcc,0
05d929ee1b0a43f4263e8483b4cf0041,0
a168d704ee5db42e5664d308c8160760,0
f444763b1fa2f800e8056966ee2860bf,0
c218d02ea8cb03adacff5b459c2118d7,0
618267311d382990fe712987a2fc91c6,0
be43a8444d0975ab943565170ccb0af7,0
f7c01e90039b5417da99b018781c51c0,0
0404044e8f00ae66e06eea1d13631bf2,0
0150a9b638c45fe675a61b700e5caefd,0
e9d91e64a5a424d1dbba78614a3dae30,0
1c5165d49b93978084abe0d8e0b8c83d,0
921387354736532ec034bcaadbd00498,0
1e3ab39c520c7d83c175e52e351d383f,0
d3d9361833fd92ac6e92abb67a5b7c05,0
621d08e3eb397b64f7ba9c03fb73a59b,0
c50ddad4de1e3aad0bdb0e48638ece16,0
97e724eeccdb651add8d322c1780aa75,0
117ae17f341415dd31ca0ed8f9734625,0
288ab448884a9ce7276a592382afe23a,0
0dcf9091f59408a1920aab6d5c49ae9d,0
e65e8426d47211c092f00aeb562664e2,0
e70d39151c7b3526f67db250c7a0510a,0
39882f23fc89c4c40d432d6ee4fb8010,0
0b476ad60f8741f2b9e2892ab908b370,0
496e3fcb889382d2dbc06b2f95120196,0
54854c1ebf7f21acbe4d4ad3eb97dd47,0
f8da1cf8cccd766ed7468751b9f1de6f,0
d1d9ef21a4e20884d38bc8f1bd7ff6f0,0
0860727931cb74592c95813b9b48a2ac,0
a33efe3c775b04c7e3a6558d8ce79a08,0
63a6fc0eae418f3ba5d6181d719d33f5,0
44e0645223af4c963d061d93574a9858,0
ee75848d99cda7004132de66cc600bc8,0
5ed9a6c8b955af8e3bde1257aeb8d86d,0
2a97bdcd7fb1735c34491756193560b7,0
ac4adb3148e93b5eeb1d517dfe78f275,0
42e112d1214cbf4ee9648a7d2b75e516,0
fc1e0b82df7bb82a4b37a8aa2ae7cedb,0
c39dfa1149797c2f2835b01b03eec8fa,0
d5f4bceda58bad912b86ad6793950644,0
be8b6e66e0463ae879b4c3531608d4da,0
6659322a19e551aea79a2399b7991cb8,0
a8322fba5d46fb7560e6af0cc86f78ae,0
bff62d632d1825e8864184ff00094835,0
929b83ff567bbbafcb25ab9447b1e311,0
1f714f159cd441bde6dad67996261097,0
2d4e3a090dcbbc5db14b11d4b80400bf,0
13e111295b84a7d4f1c101b64eb4b498,0
3ea50650a1b4f2eaa1b0bcceaf091f3e,0
09875780f46435c6b80e6a589cec6292,0
7dd17b6b2197e5117b121e3428c12d56,0
292903ace3729106c18cb9dae1283c38,0
efc76dc75d862f0e75e5d9ddbc9f1d26,0
d6d924d7f1cd7a962c9891ef1193e9f4,0
16778ea000ab20dc80ec64b42d0f9ec3,0
b128511dd77f231c270045847f4b12e7,0
70602b68f575e2dae1a9e767bb509f86,0
bf3dd1901ec9d20a73ceb1794039104c,0
019cf310e3e8990fa2499ebfce0906c2,0
e8ec3d3d7ab06cd7b24dd8f103b6159d,0
b181c16b51f39928216568d23d49381c,0
191be435e03c641ca5828db02490e1b9,0
985b9ba9109ff227188762a4f9aabd1d,0
5dc4ee24773c15b4f04a261a644806ce,0
3b1743fe76ac212060f67be6687f1658,0
fda5580a188119f7f45ccd4eb012f610,0
0f56682e2c5d7ee8bb4db62228cbcf4e,0
7207890d2fa3b36dad4a10745b599d6f,0
1d0af73e501837fe1c7ef2c4a7636c81,0
9f8202578c01d996a9b01e3a18820450,0
3f8c642a07e053961301d120fcbd020d,0
0ca97384e0832872a9e70c07cb11f0cd,0
1078a413dc2c662284ea08cff47535f4,0
ef3cf4317d903030470c0009a6e2c1cc,0
32a8786f5874ea2e25ce0ed6b501dee8,0
d40bc26ad17e84d57650c88f96c62e99,0
263d3c25d395f30f56d0895fbaf08bb7,0
a406a937ed6f728effb3647950c9f867,0
4c6873dfab67b55b6963a4beb0b3a1b6,0
3bad5e32a919144b92c5f7aeec0cf307,0
5de0dc08383beae0aab6658a31a4f046,0
c2151f092160ff8de7cc3737736245e0,0
14edacb65281bdec375fea7e92a39816,0
c31a66cff49524620791c0d0843fc03d,0
37760311d140ad491f2f699505ecd09f,0
1b5727dbf2b3ae608ee86034bced534c,0
8302cede856c094b3ebe4719cfb1b153,0
79e073103db5b2e199a0b3af6275b142,0
9e51be23194a6d6c92928aad1d0e4525,0
e8ef25a3b7cf9912355b36dfae6a6535,0
cf132617c7e039dad1b98bb9f528f411,0
e86541c3ddff92a64ceed66414af56c4,0
148a623d678625ebed30ddbfe839ffa5,0
92ea4ac514ba0cc80f4fcf8d65f3680f,0
6239f1fa5be688f1acd04e7300a82048,0
9e44d4378bb84105dccf1cf201adeddc,0
344ecb33259ea50df3d5476c1c1fbb8b,0
67ece509f88cfe4935daee985a69f00f,0
c9ee0e55776f820c37a725b159c2f954,0
dfd2a4eac85863e55e22d75628541061,0
676074ddfb18d77c99007c291e1eefbc,0
7eb2b8df2b90c4521de71e64097ac2ac,0
a3eb1143cdaf745fc3135dd52e99185b,0
0e82272622597fb25a651866cacd9068,0
7b5539828c2c35c3a03023a4021fb393,0
c107c62f3a7485baab3e8b36d23ab0d9,0
35131187e7a6602ceb799bb0ab4d8f6a,0
52d0800cc1569b7619df1616546adf2b,0
f6e194a7796265a9c7214996023ff84c,0
45a51b1bf0d5f0445c92c903b8bff335,0
8dc054a87742a0dd76f3628b139e5f24,0
e8ddd7e24cef73513f98de53d1cfb984,0
7a8d08412f657b5b93ab62fe68529a5d,0
2bcb4d98ec8fbd8443c88604a9400342,0
9b04d197ade0bc70fcb2bfe48c962d46,0
65c3690ff3c600e871359579f2ce0904,0
1c176d40211ebbde2d38351e220826fd,0
5c43542862c0cc34d311b00b82a84a54,0
2375baab8582f8c96bb4b81db1ff26fe,0
78690d85cde4dddc3e40d905e0ac7f84,0
14fb145f882cd028aa3c2a665a99ad3f,0
891aaa0b6616571675426a0fb082ac82,0
72f9f2a779d3bb7a4f791f05f49d08f6,0
1c5ce46bf0f69ef9a32b018d443b577c,0
fc46f3af736853ef6e07f75ee9f04560,0
b2813ba6bbfe82482228bc14042a4391,0
c4c5c1c1f8c53fb51326ba56b8ef8ebf,0
66d08d1ae44fcf210860319f705a23d5,0
1613f22f66f2f232e45a89d6dca507d5,0
eb360a301d6053dd7362ad4a7faf9471,0
9e2a8f9d1dd8b97a5a0fa17375ea18df,0
ed2eabf7add2730fd54d441e043dadd1,0
783b903960c7c470537f29b70c4be6d0,0
982e59de236dc09d5e3eede53b7e33fd,0
79b3e772133904ba09ada3d3a00dc06e,0
f0f7ac71573acb74a11be713b98cc61d,0
991934dcca454b09003e9d93eff0397e,0
04a272449ff7fd8fe0b9aaa314f17347,0
c4026bc7eba604e79cad1bfba7802a1c,0
43b6360eaf190d18a2180c4f2d4aa7c8,0
b50c012f2dfce2315bc5cbb0631ca8d1,0
2b148a5560210f1dd0723aaa85acffd1,0
faf6347678d39c913f4acef5242d45d3,0
fa2e62b812f6c715d84c356f4a6b7e80,0
7975a5292f8f324bc68185f5d9855fb3,0
10b967cf41b8d4062bce3dc62dd561e8,0
11f81241188539644415f659e5e6086f,0
e0f5e78273435f55422bed1939a14d89,0
2239004ea515422d7fa90c561ff87801,0
45750685d5af2408cb2465e1eeef008f,0
4ae138d348892c30c8b94670d1dd090b,0
6a9768283ac56f553d906778a9b6da20,0
8bbd32284f38163a630e396c7a784240,0
d36f30120ffad2846a5fce2bfbbd4d9d,0
453e4db7af5696fa059d1ee89b32336e,0
ad10612bded01851462c2abe839729f0,0
458460376ef7b0dc0ce25569877a76c5,0
8c371ebf855e7b788d01d4dee8191c73,0
766dd44def1460eccdfb1719f2686127,0
bfad0c921044e314c59103799ec7c687,0
1fc7a28e01f0f1d8507debf5b0ba93aa,0
f45dda28beda622bcca632b8d612b6c1,0
2fd073eac0f458beee35dbc4715c9a5d,0
338ad29e2f085a185dbe6ff07c69a065,0
1f8ede48d5646e761c1510cf18f17e71,0
0db91ef1980609ba73b59342c9c85922,0
c35d7ea196e494694d8f66b9e7f4a37d,0
9d944151e0f4cf1a4e3e6e86546be59e,0
daecb0ca9634007ff263323be208e361,0
a67804b26fc3f3fab0a2938f0aeb771b,0
eea3a395ce3cfe8c6c7f93bd297f90a3,0
f4c84ce093181b2831564ab0c778704c,0
a5c86206d6ada31e7b23c68036465b26,0
51730b7752eedaf00297775e516635e7,0
f8a757efbc75de4d236c9bea2d81c485,0
3815b3ef02bd28191a009e0aa3968d2c,0
62cce79a0814554ae812b5bc80255810,0
658a9d238c8f26c0ed9d2c4e18eb4f56,0
2a4eff3f3520b5f5ed3dbdbfd659798a,0
01f5f5ea61189bdfc20ceeffbc16e911,0
f59e72ef2f25942659ef2a79f10cb932,0
8c8c7942f17500b32a1c54c37813dc3f,0
122f6cbd22cb3450879a17ebc63668df,0
e714149651368ebba09011a874d2669c,0
63d92ae37b5a090086601fe243d5b4bb,0
627f54848491ed9d6ed16199795043cc,0
9695e3d9e9a061aca1b9f839c8863433,0
f649b5a87056549b75f908245fdd5d3a,0
28ea3fd0a4d1f25e8273749895334113,0
6675fcca71521d85ab932a4d106beaed,0
efe93473b8dbda7367e8ee80b53434e1,0
bcc7a84079223192d1127debf241245f,0
9746a0ec684a5dcb6e207a02be752b9d,0
867a68ed3cadb6c75d4dde36cba40d07,0
9220e2ae9568ad09a94c2189d12e6ad8,0
fb1ed2c365055010194d4768e546503d,0
d75d5d0cdaabfe32b6cbb93c21bb12fb,0
682d4f8bb8423364ae9e57fa4a9e9c51,0
d4471b3f866fb0d9ea98cc0071bd2214,0
d81f60d0f5c73e2afbc98c54ba051e6a,0
574fb927f54a411cb6dfecdbad086af0,0
337324d8afd72b7327f3325934d69c9f,0
6584aaa20c4dd3fb9d7250719ab5e46c,0
4e2647f6508c2898735bc3c62293ac24,0
bfcf9b8329b27363cb3f3b195a6aa077,0
2f47102c630bc1df2e11daa9218eee58,0
41a47a7ac36bbb5e89d1a59f290d1277,0
8c78f8cafd1807b5ab9f3b082d7c3755,0
1d4519fd947953435596e582e7cd8494,0
0ccd9f25c58a840ba8876601b81fad9d,0
3a1491b19a35f2b9484789578cd340d0,0
87526c2e2ab4ed1543e62a0ec1f3c577,0
a5be722af652a2749d00ee62096bf888,0
31b27aa2014e096bbde5d34792cf2c26,0
9c938f1ccf76136124b85bd37fb6e73a,0
1c090bcba17c6b8aaf448767c2180373,0
6eaf7a5eb4625fdc36f300458d3cb71f,0
096ad3dbb6e8155b73304e3bc601faff,0
91ebf983502cd3aacea15c93f63762ce,0
0cf107c927abc5eeeaa2d652975a8a49,0
23555c2d5ca6ab6bf6da861279c38327,0
bed1dbeb6ecded93863c3bd335322030,0
60d5329ea51dc8c1b9ddbfb0e8c0d3a6,0
687f073b7281c51e2b1474f06bfb217f,0
7aa59dc1cc63e4b5318995efac7c2f9a,0
8d6502b98bb4704d759e9a17f7d0ecd1,0
368d86d99248c6e534ff67e1e9d877e0,0
ad6a7f30287925bbde117854705483f9,0
9f18e2582d746208854a0ae40eb05826,0
8a34be4ae8f66b8ff960c06ebabd78e7,0
72ad7ccc1c5a7588ae0a95d87b7d2ca2,0
40c97cb28acfa51f1ec1dc60293f54ef,0
fedc60d5d09591a5cd7373aa51131379,0
8d0079d8e0c17c2faf6f2c5d22e66311,0
0edb48958a9f8090c81604001d6a27d0,0
2019608e1cf125fa670ed99dbd091a3b,0
d929c20b8ab98d6c919eb6255a336719,0
994fb125a21d29d42927b6ff99e39382,0
743007e857b81972a9a25a9d07ca941d,0
d9487bc1bfc81aec1eb002ac9628b7ee,0
cdc9d4b3e82465866fb9aac6a50213c8,0
c653fb52deabe7090b15a57f7725febf,0
bdda36c27bc7cfa9da1f158f51b74e90,0
995d6419067e70decfedd3c56916aab7,0
49bf39de8dbd44ccd02ed87e8fc92075,0
9f29cbd78aa332ade1fe3a7484c2f8e6,0
2f9cdd676718a82d8a19b75a2d411ac9,0
6eb7b1234482a5b512a5687e7e24f3ba,0
3f361c15e7c20d7cff5058e1d8a1632f,0
b1ce5db09c4d75d38496a9a6647cc365,0
7e9a8aa17a2cd544bdc73bd3ac8db76b,0
ef57ef866ad4928cb95b6d8343197385,0
e087b29bb409c98d314e4d4a43250540,0
fbaabe84f8629ce1179d62a19763ec3e,0
a79c19f65ba1b71bc91ce37abaa30934,0
57068a791ce370cecaf18587ac355d42,0
d83b6560b9d3e2144e5bc74c0c201acd,0
93f2b3db8a46f8aa215a4ee42da5e60f,0
93bd21b700ff458a3e6e6a7d71f0948a,0
438f4232b1984d382928a0babfc9de9a,0
70a19b784cd09424e489fd279b1c9fb4,0
994836814db8aa65f2460cc5c4820ef1,0
59f674f00ee2f075fb584f614b2b8426,0
209e89837d7689e46d7d54d3e2d384c4,0
08188f875f7924de15e0698d6996f663,0
6438ab08b530b32a2d405de16673d5e5,0
bfbd1835d016ca5e63002eb7d9f424db,0
3587fa37e3b6d4bcb8635853bbef529e,0
fa6ec0d2cca5de45a52206159d5e8e3c,0
d9ae1ec087145550cc2a51d92364ddce,0
b934f6dbbcc2ae66834d1b4cfc0379c7,0
4799f35a47334064d8a2ec5e55557d39,0
df9bb937338b4b8c56137e730b5d8eff,0
c70d44a4b0fe4875cde5f4489c30e079,0
0bd6958c48cc30805aa108c70e3ead01,0
ae5fa2d34630eaba04b793e330d1989e,0
9e622865f646d7814cc676c354c393b6,0
92844fc0715238e37dafbeb92a9b636d,0
97330710e9d40e1e37096e930eaecc56,0
5596524def3e16527fa61d78f6cde6b1,0
5203005b7b512a847fd49dd3140eed6c,0
b1fcbdccf73119d1779eb7f15b78a271,0
d7f3041af87a2e1545859cb01e4ed290,0
790d0a54bdc7110b45b10d3c877860af,0
340274975305ef8182abc1e7324f1e6f,0
6979e4584bf0463a8c04e6a7d4116c44,0
0ce57bbeb927c6d81785c62304aaa019,0
4ed731dfdf32f9f8598c1b53c67aab5f,0
d485fa233c3f3adece49f0ba305d2a95,0
635ca4fa4e9c20ff7148dc4fb3536444,0
2ef42ee365df6628ac8749936b842656,0
f172a6ddabe3e1bb7ac0506b376a8f49,0
477a7a6b7ebeb36af2c878cd00c5e617,0
1ecf3834fed83895fd9fc3e66be5be5d,0
9fd0d92f9be2681a459fbdf6f0c030f1,0
57414804f8260d83444de1ef1967cf42,0
53fb35e19e25e77816f7b9c26b53a633,0
4a78c1ad999c2317e587db362b7334b6,0
0d0d1e7a09a472b9bc0488c48187226f,0
16f91211f345a326a924a5e9a92df397,0
c336b8a12901946ea4f0a055b647f023,0
65e3c2b323d8148b1b39c88f91347402,0
2ed6a5844a6522a06448548647247428,0
347d64dcccee86b29ece3d7c9ba23ace,0
85bbba9fb96f27674abee11f498f27fb,0
bfd2293b2d4ec1a88d95b5945345e5ac,0
ababa658432a66341a8e7a895281e506,0
0d6ea8e7908f00cca9c1d738db898b13,0
e4c4d5250c8120239f648147d7d7ce0c,0
998e6be35722c52a80f5d1891b7852b1,0
505f3f2f526bed233d025a509c8dd5a4,0
6e235c617ebc62045d6013a293263f5d,0
358653f92e89b7a814398996af19d665,0
95f2f34de0c79fea0dc5d6e3b2d01a44,0
a6d9aa42a62a724681821cbf356b8577,0
0b83e382135aed1bafc498b22a6ea33e,0
27a36297f8d7c9b63cba63dfa3f7e4ad,0
a9c769139c53a5a85d0e4b192d272b57,0
af8f0dce3b4c3411cc69aeec1e641e48,0
f24874335acdfab801ffe2aaa80f62cf,0
0222f7cb7466c0a1b9cccf0d6c7d74fc,0
1fc983456d67bc8950aeae5407213c38,0
c1078c82ca544b5d4a711ce7b8345287,0
a2e90633d65b7614217f1347d1d851c6,0
8ee1569ec0dcdef6565ff6b35d7235bb,0
fe594e11d60dc3d67e4fe3c463f4704f,0
c621b621362cc84c26e29a49773bbd7e,0
8ce2740ecd0adb5217a9a9aa26bf6fc4,0
7fdd128179ecf940f2cf7f3617e5d199,0
46b4b99c768639cf41bcb8863e489b18,0
51ea7d6f3aef0c7cd192aa747c25aa8f,0
6fbfb2933051ce396e19baf4d685ab06,0
1dcbe1e43f46ee7905019d2c8930967c,0
0d5f518b379c5e2316666793e6339dca,0
dabe06d65b2d571f553959c57ec20845,0
e60bf5bc0c228f901ad73b94733d5ccb,0
9ba87f247ca6928a5c63079ed6bade01,0
ae51be9fa2dcba63a343d2a9e529905a,0
62337a4a791ed00daca85df62bc4e0e2,0
346327b9eec1dea2a47a39d40d326a68,0
1ff1322b1827f271607024861af15124,0
179162f919f079e1be537390e6e54708,0
2302aeeaa3d741d8528fc26b17e36efe,0
1220bf44ebf3ec379cd5b53d3ec6527f,0
17cf327a4df99414cc39321cf2c37cf7,0
5d82b4297c4dcc4ac11291ffc98ae7c8,0
e87be39cf5fef322f079dd4d178eace8,0
4bd841016928bb30a2a0730b53ebefb0,0
c442125fc739890fc75025c28b5b3612,0
cb456fa2711a8b7da644b802e818b4d8,0
08c6862a55872228f094a2c77d595f69,0
71058d24c936359e9be7d296393aca1e,0
e198cef543dc95ddf12144fd12de97c5,0
923f6a890c1c91e71b796e30bb9b1d7a,0
ae71cbb0ed9b037facfcdd09a922a421,0
1032c8f152bcd3c6ebf3e54348b887fe,0
8e3dd10bd2a2f5225ea755ce43c88b5c,0
5e76153a7bdf1698c5e1f66d6d3ace6a,0
b3495a653f889dcc326965b03ddf35e8,0
891b47e69aa37adb6d81fb4e023ee321,0
9c44f7549091a03cdea47f51dc5ba3a8,0
d7065c23adbd31416da57b4c636d011f,0
4731913c556881c5dda426d4e93b850f,0
3bc0f2e190461d822addecbcec77722f,0
1ef76255780f8f93df81bbfcb43573f2,0
2ef34f3c72df8a80aebf4c4a1392c063,0
4a3d7f3204cb04e7ca01e3e584db2569,0
570129bdd8303ab8b7e3c99c79042741,0
4bc6db1ffd67d5779466f4fcd67d4c60,0
9ae72d29aecbc47c4cd71129676f8a6c,0
96e0a199da2afe2f5612febf4fae8414,0
c7c1cbbc1d62610337b3e04adca7c18a,0
0894c9e4cdb8ef80e561849a3c8edeb2,0
9fd02c6969d5668032d661ceb78f3c66,0
9e5bc0bcca21e935706c4dcea3d70cc3,0
6742e84412fe98aa0831a8a5014729b3,0
7aa2e8bbb8f256af81d92580c70fff94,0
405e5dd2bc01e8ae2c21a015453e55af,0
77e52ba93ddff5a7acda42f14ff66009,0
2e4be4a87b511f396ea11e93ba371460,0
0dca339292d665d4ea3908907a0820a4,0
5cc1f0cd5639ca6f90ec411967ba72dd,0
142dc672f24219a54cda6b7f99184de8,0
62ff6a5678f87524152b58fb5144458d,0
21b0074f503becb4a176d01639e76877,0
44556c9eb583b1e6e96ef88943cd2dcc,0
d5f1242bc3a049b0d64081cbda425b5a,0
fed62be5cf96e9f501645a2154b434b8,0
6cda17688e910272c3429b1622502f31,0
3dbab92db4d3049df243c6b6cbf64ec5,0
eee60802d949c0303991a2aff3debfd5,0
c50160cdd1eaea1ab0ceb5f4c155b49b,0
fa5abd3d1edba1c744a60fde71f0b635,0
e328cf9ac922632648de577cb81fa37b,0
3988df42074e51d06930506fa11c15d1,0
c9bd6fb2ad42d3228335ed154cd69d4c,0
98a1834eaa6e6d38d0c907377a17965a,0
0e9d94dc79661180dc3c3f1669fd4722,0
2a988f3d6fe64d829b8ff761045710a2,0
57c1d60d958eef1b1fcc85fa9c720d70,0
b8a07f1e33f91bc5f7d85e4d8d9fccb0,0
874e3a22be0317dede3aff99b9a5af4b,0
3c93545043e7b534f10b06fb73ba3e0b,0
efff2caa45ad71241f0327a68790b2e3,0
a0cb1763dff6bc73e70642c330227edc,0
8abe8191ae07d2174a88473abd757bbe,0
9e4d0d48a44be67cab9e24534367ed52,0
e86b2be81b4c7edf098beaf7022756a2,0
37c6a930e09dd5a449fcc4c42f64fde7,0
2fb6dc3e890269a0574c3304c4070100,0
d596bc76ca1e65cb1a6cca2ab03f562b,0
17f4ddcb9b16785a7511a0896928f287,0
61eaab5160c055662ef507dc657bc5d4,0
f467f7819f5ca6d717bc1093040a4f8b,0
b63fd6a73425c6e187597d84944a52e2,0
3c4df99d9030f527e6a9bd8242c8a024,0
2af592fb95325283e5637e17efffc3aa,0
c96258ffac7211892d1fb2fcc2d9b572,0
76e45d49ffe7f9bf09a83652072758d1,0
72c46ad0ae97a5671130863f65f6eebe,0
6666485da4391cc2e231accb0b57a81b,0
e7d01efdf0bb77c9733e5eddd059bcbb,0
6ccbfee68dd22822af691d60f4307a52,0
c2a3470faab4be3002b06aa65d498cd1,0
89c5f1e397cd511d1b9f2c3da11cde28,0
9c4a3a7336891bf81628516b679bf1d1,0
42042fe6274bc084c4065291e29d4c1f,0
94eed3745f7ded8e6c35094e0bcb0720,0
f7c7eb5e3789a365b6a2f2b4e9f61175,0
85443cbd3efa1a7303f506e98c338b70,0
dba65d671e2b8148504c83e03922e209,0
e510758f0306570c4c7cde82c461502e,0
9214c3f84e6f2a71af911d57236bb1be,0
a5ccb98ee9fe434ed04e6c35e74fa327,0
b35866a208589f8a7cff4ae17e768b3d,0
f5f6070a9fb41333f1a8e10ba1d5c489,0
a72db8461a2cbee868b112593e8fc54c,0
6ddcb37714059155b0579696477a8d1c,0
611a0cf9e3ea4da10790a2133f26aba8,0
d2217c22b9e9352b8c2dc70b0470a033,0
ba8354ca84402e8e114baaeac3aec758,0
9047eca5e1eae62ede797c2b19b73779,0
f4071a4e3c9f81e8a6ba477606a9e1a9,0
3957989b9561bcb5f25103335b25c6ae,0
3bb53f3e190a64f7a8d86e9185e193c1,0
d64ff67bc8377a4f34a72594babe6f12,0
e0d055807798ab699ea0b9acada22ddd,0
bcb12daf67f84cdee7a3c2d7499df304,0
fdf2cb418d69bfd6b8bced8b0b628af8,0
24890e107207018ae457db9982a69d3f,0
0492e5a96fb02f20bb7a4a4b61e79361,0
b2df446f9ddad3b422af574d3cf559a6,0
8dba65f415f327eafb5260847a8cad4c,0
a50cfbb777742965c234bd955ec8811c,0
d8f62d28cc0d9214ebea3e59ae602635,0
65aaa9982b140a55c01b1da3a946ab09,0
c284445d95d1db6a10aa5d0512844cae,0
ede9e46a34d216f4044d0072970729ae,0
c34951d49acd19fa599c7b7399fcc296,0
b8dec242f4583aab851d3b89b46ec47e,0
47b2dd7364af18f4c16b78db7d99df59,0
77f31eb4fac55b98227835379055efbf,0
9cb32d71567fe4d6eac899bf2e900083,0
96457517d3476c3bf80ea3fadad16824,0
d019ed0937824397609a7618ea90b977,0
085785db667daebcd98ec3278707ce6c,0
f34960129acb707db4d03328f695bd56,0
98bc686c3a27a042ff2f68855c481c1c,0
14872501b11e0fd9e9293382a1e9e19e,0
8962286becfebb7997e2528b03ee92ef,0
9e4352e38d169ff37036647e49cf4983,0
7db978c55397d19d91b392dbc989ccf0,0
a010e01e8c4c6a1919e660d1dc3267bc,0
b25e6a449cc917d047490b5c21ca4eae,0
18f5518e19c28ea66e15f7790431b795,0
9bc03daf6a324f495d75ee9541adb1eb,0
970c79a8b9985183eec44738185d7d39,0
e4a8d340b65c5f5c9116bd0a204406da,0
d5ffd3863e0678fc0dc80155da9e5e9a,0
fa33072311e67057c44c75d0dd96cfc5,0
7f05fc3c7dbcc4d34f594f5d9a53b4a4,0
eaa48f12d3560e1d78842df0daada9c7,0
17bbd4c3b0727f0814bc02d8950b2daf,0
20eec9a0f7ca5925380a24453b6c9507,0
61593dd6f78c03eea6a524f74ab31444,0
1f3dfbc70230e2f9c947c78e8a279e8b,0
ceea568f64186ba8ec8597bd0b479a4a,0
6870ca0383a97bff40961c2a0ff99c82,0
71f671dbdc5e4e7a389c8a4819c96937,0
8b611ceda41b2577d0acf20ffe18921e,0
734f316db8c7540fed7e34de6c0c37f4,0
4f03161bd9da26d90d569adcfaa5ea2d,0
63048778e6341ec185992591eb3d8b58,0
d6311693d4b4aa1d763dec27f6cf0ce4,0
59510f53bc06c5bdccf859a5843f32c9,0
ab16c9b32105efccf9b23d641062f59b,0
1ba9de8fc859d97a8c7c69f59ce5c3fa,0
e8d67c077d45527ff86105ac5cc4eccc,0
dc7f60a0cb370dfcc9e6783b3941b016,0
597699981d86fab3de13e564a58ea55b,0
b1a25bc5b50640e5e9f5794f12b8fcfc,0
d24daf7a6a4e9d93a80b5878ce63ced6,0
9e8ce96a385a550b0ef85e91cb831e19,0
e5cbdb7762a1fa03cd18626cfc1c9808,0
e5d9c14375fa21b6f69c0a0f4c9c8580,0
cb5d89cd1d81234bc6cedf05c88757fe,0
9cc75927f22f5edb2b8b09831538c128,0
dbeb3946e6b63a4741e67de34a33b9d0,0
3f2c25ff0340d8419d541129080d323f,0
122640cffa136fe2f154452854a09c07,0
5d7be0f4a7c931b88ef18a99e6e0baec,0
62c481ba7aed712e0d97b1fed618ded2,0
28bc06a61364dc4be271fb9196f94387,0
0751dd8dbcd0e6cceacf9fa92f04d52a,0
c6d5afa61e50e19e41a1e382cb5b022e,0
0335cc5c57a150f6b1f74f41873cf17c,0
efa931151dcc750ca4e23b2181797394,0
99a2d7423ea4d380cb9190275c039d9f,0
c7edb209635a7cb98b8640d937fef091,0
922a2520af4ac1135d41c0aa72ce20de,0
0770b391a1d486fec62698611dd4ceea,0
ad8322c2593d9cf0b0407640caecfd4d,0
0a80169086a16f6951c1fe054e23dc4d,0
01ed9df6c88afbf923ee335deb2db992,0
aa2a5a217051422f394683e52dde9da1,0
1b54f8ac9dd52257bba077b30fdfd21a,0
2da83b406fb14102466cebdf232b106a,0
dac0db5a0a17e2762f418b6297ebf019,0
1571aefdff210032cb35c61f6343e631,0
0466ef69fbc37237e63bf9f869a8c1fe,0
15353d284c18bf8e8f0556246bbc17a6,0
4071689b5b6edb86d4081163c46534de,0
e5c541bb6418cd226f3584d1107925e3,0
1c05a4a8041e625ede9ff4c49d3c9408,0
fb7d7fb7ee0d23fd3f363c4216afde1e,0
d192848f42529c8d51c58033a6af0456,0
0af7bc60ef5bee37faf2c5e0a14699fe,0
4a4360339ebaa58e7932d3c30bb95bcd,0
703f72866be360fae2fc1adb300a8359,0
c3876e2e4a8ad621dabd1db679c0248e,0
ed1697936d7e84b7b204b0c9ceb86a71,0
5a0b075e720040ce1352334d92ab89c7,0
4682aa9b1f7c5de5a65d84c33d36c7ea,0
7114a099d948e10d1802883c40809f70,0
af515000096a5ff0639ed3bb15285316,0
4d0c218520d1bf1bdb4f2ac161dba476,0
95e44aa361a80602a0a3960d6d85f719,0
c668a950321ed9a7113baac831f9dccd,0
ee6671646cb9a26182fa560160d8db71,0
029d44c2f6cf2ff26e6cd64e7add6275,0
931fcff565ab2adf23d73bc6abf11447,0
a6f172b509bddfb5e09d31a1bbf79b41,0
30b57bf7d8a062c81a665fcd34b13263,0
190e232cb1794ffd7022e0bfe17a1bce,0
0389792148a3c227c9a11c20eb5f464b,0
60e7b0457f00b45c0b57cbf456738957,0
e678047fe27dea74b9e3a99a3124e82e,0
112ab2b482ca66cc96f258a61782522d,0
da2e7830e309cc6337a6f39e774f370c,0
b309a8ca8c648be437519647dbda260c,0
9bb8647200cbc2f6eac3669206e95ccb,0
cdb3e920f2d8680adb313e3941ea5344,0
4a8ad01e17eb29fcd044937633bb8b1f,0
0a779b1e194be473393b686efb085f7c,0
438727638d47c896daf8f69dee69afb9,0
8c1050bdb3fed82c2731df94e09b3f31,0
32310a051a0938f8b3126d3ecfa69c08,0
cc4af0df45c936ba3fa4c028eea5739e,0
7f16d6a2f2362d202edaa278a853de6c,0
2dc56f8313e46c82d07eaf77f7d5421c,0
d34ae1fac8ff58b85922a89c3e26c05c,0
8cd73c55bf522f9bac75cad5781e14fb,0
8444581582335f91372a625f35645d97,0
31c113774db852ebf06c1e8e882beaef,0
8eeac8710c867e545483e85fd3693243,0
7cd40453142d3d11e25370b118811b87,0
5cbd05ab36781d82e4a8d139b235d611,0
c6803f4892b37b1843707e2fdbee7237,0
ff3474dbd66d3c72e2632b303857cf73,0
b7c1125c78315861321f0c56af007a3b,0
e4c5f0d7d2fa5c43d905aa5b28467098,0
78f1fccbf9ff0fd3afcb4ea1709fc4b5,0
660885a1a7adeff36ab5e81b20d1fee7,0
f7daf0502251f555183d3c08e7f72e1e,0
3ac160639cd1c5e9d5f092ca68a08aca,0
cc35ab895e9d2e1bf605f3bfe10639da,0
664df6f77b6ca02014c946df376cbece,0
e896af1e384f0a81f85116e7a5d31eff,0
4f1f873898509c4f8f09e656f12940bc,0
58b42878a1acf3b8346e9476fa39957c,0
15a7923405f96d36f1d97473cd59462c,0
b65dc6125e51f81ce517cd722f7cbd6e,0
b6367b6aa6c7466c027fb88fa36b6749,0
cc197dda5570e8bd74a18ec364b34c1c,0
1b3e854b8dc8e29574072cc2feac675e,0
863e2aaf2c3839a581d12f350843f141,0
ff22b54569664640a1094d7bff324add,0
45a36757ae3b6abebd8d01f476f4b6a0,0
2d61c14495b89287d1854aaa93621a36,0
211adecc741692da8ea1bd9baee2b02a,0
282ec6f215d37d30ea782844ddded8fc,0
40b066f450f75fa38b35113a286349ad,0
d38d311df53ad4c607cf34570001048c,0
852c91f5c67e72b5c650c136cfd202a0,0
a07a3db65c82f815aa22bf809b91f686,0
1e0202cf828476822978de2334051fe7,0
1ef4a5284d0e23a314eb63e98eead7f1,0
3f86f5f5620e4e4fc7caaca7bada91a6,0
073b3fab62b1de9ef11d9bca7cae5ba6,0
f90bc4a3ebdca24d5de9686c0c5d45ef,0
4aa255d80edaaf234e4c01a31f783045,0
7d9a1705d3067054db2b645ca15a081f,0
2560041f063c6886bef66b0d246e5fc6,0
d10237daf5c390e1ba7cb58a8c5b8b6b,0
db2a3cc356c0f8f9d77ec94eddabd722,0
f104e495ee0da8a6e4b6c42166632427,0
c4c892f7caa01f23e4c7d9cdc3c64bb0,0
3382cec4bbe07dae3a78a22f56b76356,0
15669019e7140c3310850f0dc2b6f959,0
e44d6308a3719051b58ccef6183e4adf,0
abb9c54c92de8489839954ec8fa1531e,0
afba9ac9a23b05cad738573b66c1e1b0,0
05e117d1d9c16a988547da3d29f83e6e,0
2d91c7aea0e983cc6fec81da8c76b5c6,0
caa06348e380175bf080e5bf533dfd78,0
f52ab0020434ddedd82984a4e4b4433e,0
a49c00287f393f19c16f5732fb801db7,0
7270cc6b83287c90fbde15c98b0934fb,0
ff8988eae091359176652b8a1331c684,0
defc89d9fb3e67cba852c80eace7d520,0
ae3013cb7f81a88e2bcb3b64fd891457,0
003565a9a3c35bf845dc382106a34d3d,0
976d0860f6ce161354618ba737c88ad8,0
46c9cb7928fa31c1a302992ca8f1598e,0
ad5291ad3b247448262f6f344959833c,0
dd8db68c17c991f18d428a16385fa7f7,0
f92955dc92ed7190acc7cc417c21b2fb,0
d299d7606d79334bc531135a12b29726,0
38eb227f67000881bb2d1c84e73e538a,0
f4dfcab95199531dd980b713f55b1af2,0
6d9a553edccaf30c0cace4dfa9a5f69d,0
2fcd5a245cce62ca70164381a30b3e84,0
9b6fed3877af41a07a83eb9f50727272,0
0a7ab8262c489b50b969deb39d45a7f2,0
eeba169a71a0bb45fefafe2265534663,0
3a9f1da26f24b7353590ccad484d699d,0
cf8aec7fe38632a4ae7a4c61f345e66f,0
0bca27a3cd0757a70d54f8f3b0dddda4,0
d6840c8d6de48e07d615cd2bfd07939a,0
6378f8ba60799978ea73eac06471c8c9,0
48169c63899978f1ff26e7630ccc0bca,0
722ea1a0093beae62f6135f47b9e56b5,0
8b5a01c4ff9a40ed27fcf1982f48efc7,0
09a06b0280882f6e8c40da0585295bca,0
5ba05b75a669e6a83ca6dd818daa0b05,0
81ba0712e0c67540b4017a020db3afff,0
cabb2724481496b5db02843cf97a35f0,0
406a321910b546966c58ee4c9db5264a,0
05bef0d7ed4b64f4ba3169f599fbca60,0
04f5ffad2a7f4a99fc458cc06eb7b92b,0
0398cd02b25d1938bf78830401ac94bd,0
a296a370e4d341535fda754f4786ccc8,0
6ea826a49da494cfd9ab0f92bb735154,0
f11020aaf066c1bb1f41e5d891c037bf,0
3b0ed55eb0f93671eb5b8ed5ec2d4916,0
04a9a2efa775aa8c7f966ad62670230f,0
4f3a780bdcc8a698bc5726a2d838ebb4,0
6161aa70d0a85c569610b581da06d972,0
6e719fc7c7ba793f27198019c3a60085,0
49c50f925a6153baa46463f13089b0bf,0
cb2a892c487ffc99aa250166d19d1052,0
481fdef0fe45132667019b852e2832f2,0
a2eaeaac12b0499e35b7c27b5c43ce7c,0
d35316f49998557969da92854fc81aff,0
3f8b470647a552a8cf7a20364c61569c,0
0f2f557342fc81a4a96837666eaca025,0
b3d6fe10e4c37c1952b0197b315b5f9d,0
c0a7256bea0740db396977eede5a5a19,0
91ac5ed0561dcf963de6a4b6c79f854e,0
ac1fcf11b54a524d967efcc9528be3d5,0
2d14a3cd20ec565ab57222a1c593c166,0
29e786e09599e16bfb266f4840c73096,0
0917222b3c7de315dcf17e4b176d4cd3,0
bc48bf6d886aff8d693ed96ed71de416,0
76d4a0042c9e08ea6ce04595b65fa52a,0
caf7fb344e4e853e31d5acf1785c726a,0
552aaeb165a40c1a292e05e2e6348456,0
c25df4878a8d4b0fefea29fe4085b154,0
25e75e803ac1d2e90d9ba2970822876f,0
891c411c49f4dce64dfedfb9adf0624a,0
8126288cb213b70f1d86dd36b354138a,0
2a231c8e40725f6e1a6dd029cb52b95a,0
4460eeaffe3a21cfaf102d1e1c9497de,0
84c3430dbf7b1937ddb82d6644096397,0
2a5bfc5f1da4ec591a9ae39693a4abbe,0
3aef044be1989c329eae2e1a24ebde61,0
1b7a0b2d6d3a18f7635b35f4b5865240,0
7b7afa6a6cdd4884f2cbc90458504988,0
c1bde4b1a088eac179a151676addf4c8,0
f8a1216b5872bf4d0fca1d71153ad56f,0
8eacc7bdc7a19d5658952a42686b580c,0
00faaa0805370db07aab9ca4c3fb034e,0
9e4b36319ceb2393e9c11317efc3a28c,0
933a0bda76d65a8bd2fdc2cf892fc9f5,0
12470dcadcccc75109a241b7282e2bbe,0
2f0df88b5106da94200b68e0fa753be4,0
f4140a46525a5a9f0f6efe548c3db760,0
ade07384a695f7aac0f63da1208bb0d3,0
3d955205053bea4023b36ecff7275d1f,0
9524f8278943890ebb20ef24231afd51,0
c9106fc9686f87f4f01968bb45a92316,0
1397b79014c74981dfd65d677ac7411a,0
02db36748f6fb4cfba01d75fffd352bb,0
32a88a51e0258cf5e48cc6aeb3b46007,0
b23374565c6d5c8aa26c7234c3f4eab6,0
f928b2117f43565697033291698c8796,0
e2f706e0a2c770fee40fae20d7d3ae88,0
c177699a07df09c20b023fb544c14c3f,0
a91ae55f00dda90a070f1405fcf2214a,0
19c7c58d155963117724275099d2258e,0
05929b85ef05a843e52ed23b2eaa212f,0
39eda0102f90da41ea4b7e2b19286d15,0
689c1865e987f4fb77a951c251e5c706,0
2a872b1790758d6b988b3b1827860958,0
cc51b56d8ab834be7f3638a4f6af5d35,0
6a6ed4f3588e54a0938fec7815f0100c,0
44c82699e0654d4f5faaa88bc701d817,0
fb07c8d4ee48a07896d9ae38206c2373,0
743e2897de3a5d261b09bd2643056256,0
3d6e969cf921f7bed5bc899b2bcbecf3,0
cad7c513244632681eb9cde656254c15,0
42557200bd2e10ce68453b1e0fa9d279,0
e07c1f1e2e14541c49ccea532b3643da,0
afc8f283187b6bc231c92e306fe2d572,0
89f50249ccfbc93c6d9f3f1c8e709e1d,0
dcedb764c7d0bc1a1b4d407c6e023a84,0
c1ce1fef5592cd9ca1bf384855d9da24,0
7d8db2fa094e41f069ecd31746867948,0
7f219b7d5b6ac6ecbb893a71f154ef19,0
f64676fdcad8e13013098e392879ced7,0
d462b4d0b21cbd23dd9fb2aff28ae7e4,0
ef3ccdc3321c28006db1633830843a3d,0
f1599412f6ac59daec1f5c7aec9adc49,0
7648e36398386d9d75ac345e84fa34de,0
f42ca88270473f00b850fa76576a6c9a,0
aaf075f9ba2f59248593f31fc98416db,0
4c68cd0f76a5a06e83a95370d8ca8563,0
a459d2b51bce130c0aec0bf81e380479,0
68ad615aaf7e047838d42d96ad5f9e1c,0
880e55eb69eb2df5be96829846fa4cab,0
58d5dba1fdace09f7b53649939699278,0
4382a5af9e59f1eca9ef5d38942404f6,0
5bc4819c3050b0c2ad18caa589aa769c,0
6822122f7dc4d1e736d1b940c3e58250,0
ce5c48d336625c0e5e34d3c6e6be026b,0
ab08ed57cdc255a752bed1ae250e8589,0
ea4e13c7107e3fe57bd44f68cc9a4a23,0
7c49c03eab315e852e8036598d2297e0,0
6b9c78b17902084beb3aa7e2457f830d,0
015eb718742e8135e29786804fd31d4c,0
1a569763f3fda0992cf954b2246ae292,0
2e3c3c465f7af81a8ed9c0727fe3ff30,0
d70305b9a68a4caad1d446929f3c03b2,0
b6a955e40eb104ab02255377a9d5c0d2,0
95f8b4e4a72a101f60f4007201300511,0
d85bcd55e6f997d0ffc165bdc80352f2,0
5e4a26e39eaacc4e55b18315fc164b7f,0
15aa45a84e5213068eaf20f1e2dd8453,0
d0b10fb6593fe9d0815c44dc692af13a,0
468a3d8511b0fd15952019e69c9df3ab,0
097eaefaceaee51912cbe7e24b863986,0
383c4fb423282ea7c086c54fcc4416fc,0
b0736109e7c289b06f33cdc03c59def8,0
af887358cba1301bd52a3f6f0c9c1c91,0
0f9c7b4678f9834ba270703e191b45fa,0
4d79709745674151699f95ede92a8fd9,0
4d3dbbf425d2001eecadcc7348b5eea1,0
eb254d567589f1feb18d595422394a07,0
9cd0622da33694c33d42c4997dd8089d,0
69ef38c49b571cdadbdaa9ecb7a4ee65,0
224de2c814c6d7bbced7adb2eaa8eae9,0
2c1885c1e9b0c8593a3ade772fd1b81e,0
5917912cacb3f36815213e1a49ec0d8f,0
c2a9e7fd2e185957c7de362dd05a5667,0
c290221046dbebcadacb8fb60893cbb8,0
71e0d2261f527c5dcd3ff715716253ae,0
092ec4d394fa0af07eb72a6e139be395,0
14688310e87c49e45b1d751d30c16284,0
2a610f560698007aea9009e7328f661d,0
8c9f284ed1ad51109a4060334da02afd,0
bd9ca84d8d6a67ce79fc45b2a07e5c67,0
7fda8ab23fd723e9b41801d76fe7de28,0
2c3616692c3d40bce22de4323285e1dc,0
b34d9a66b85f22556cd5151f7708592a,0
b5d5b65adf8af8c3de3b3831d524f66e,0
da6a3252dc4c205d170012fc03345ad3,0
be8c95e22f4a0a544e090a337494286b,0
e0c6a197a3ce1d31ceb29cf462f2e7b7,0
bab03970486bfc793c6689aaff61cc3e,0
13ac248ef986c67423ff16b9594549a2,0
b6a91c08cdcdb9a3df8a6dc49c1e5797,0
a014a5db698c32dbd055954d69e19936,0
efd8eaab114f0da5c63bb59a3d170846,0
5a3b836badcdfd7095924a5fcac6a8d5,0
1599e04296e4e67f38e1e490f451d385,0
48ff337e6fdc42821d9eb7aa24a02ef5,0
1c236e041ac1aa8328fbeb09f245e035,0
ac66d1f59320a0758224d3b1077a733f,0
c8f8ed9d790655b42f109e40c282eee7,0
8dd4975009e87d9df8fc49b2043ef4f4,0
de897278bf5f851f11b6e44aaaf5fb1a,0
3938a4f2ca6f078301831e1a5aff95f6,0
a9b7293a912d3f6a7f325ac4a5523f46,0
3eb91d038af0c6ebfb8ba089419e5cd7,0
0783af09ba1547d946244132b62e0999,0
5491f2bed9582e30a284d0ea5d419e9c,0
c99203fb0faa2f4e8bf0ff8d109dcefc,0
de42c690866bb6642ff6c721266d3393,0
d3636da0e9c1ff30650f97ce3f5dfe55,0
8daebba7590a58a4d224a8823686e6ba,0
18989ea6a9f063257ab20fdbb11f59b4,0
1fad24e54722a24880c71a57e575fdc2,0
57a77d709323972784dfe034e9a713ab,0
3e79b9d5ca78837c540bf3fa4214b24e,0
2f08e8f5149416c87e3a9cba96edc9d0,0
d21a34a1a1e35708daa66f8a53ebf1dc,0
e7726553be7e2bf9b397743e232cee31,0
0cc7d991494bc05387d5e521a854338d,0
8454698f60d53976f507a0700660ec6e,0
5c0211508508db26ab9c824480e96fa8,0
161b62b8017145edc54833061d2901f2,0
9fce5c0700bc5607495905be95a2aa9a,0
e6eacaece7585fbaad449aa83e2994fe,0
bf95fb6e5b821c8e6e91fbc49f07bd41,0
ca75c23f752b3079496b2d199ad18ba3,0
6c56a248f9c36d78d9305ee8cf73967e,0
dcbceef0fa855681a42cdc5cbb7e7a0d,0
821e428e937654a5934e475e8f98dea9,0
643e2dd4c3c026edf0d75fd3a6beef91,0
0cc7621e31e6342268dc74d8d40b20fd,0
e164baae4eb7a7a46c5f0700462d2ba9,0
1eed6f03e12d8e9e89a9160524325b05,0
45cda2cf0f5fc17d3f6aacce89ee806a,0
646652db8c49f731e5090f569a3947a4,0
cd16e5e2fc5494c9b9f44259edf5140b,0
202b40cc228d82afd0c96e26d582fbef,0
e57bf5e556f07180404d4456b3eb26b1,0
bcf4b0a2d51d798b490bcd117a7c9a59,0
a4f06c9989de1da4100d2ac39fdfd807,0
ff87e1b4122686fda1eeaa5d7cce3004,0
ec055509eaf5b42ad77d6d6f59fe9bff,0
54fb7b76ae85521c49ee005d1f08f42f,0
aae604ec673d6fe612a7e04529b8446e,0
27bf30d6c9270cd02cb9715a24154dd9,0
3daf1bbade9c8edefd3eb46fb38053a0,0
85b3511aad49e027dcb3d36fc53845ce,0
19038c44cd306e242c66929192a9b434,0
da92a38366d262c5b3b029e3558d5a08,0
8c10f787c43097d34080b3802c8def67,0
38785c781b848bbc4937534ea4383194,0
de1f770cebc978cde55127470366cca1,0
9eb20ae7b0d42df9812fc72e5c0d9abe,0
b628b086344e9b3f9896477384a3d383,0
5239de44bf44b13ef769fe335a63c344,0
e0301d8297712fa6e3d53fb823652c39,0
6f32d968a57f79d3b61c7eba50929e81,0
fc29b478dd843df101ae12721ae70f0e,0
c85823b5bd8f7f66f1f88d987f047d52,0
c7e7cd01ba9473dc5b16984fd9da3c32,0
5432f1da0cdd3e606c39cade579227b7,0
27847cd47c1527bcd2fb28e183efc14c,0
e4178a067cffc2af64367c2ece602c1a,0
265bd79d56bcacc43b5d2a9649bdd745,0
b8f0d81e4397219f7cdf20e8ba463adb,0
b6bc9d6d3d8d787440005d900e0f4473,0
ec3a89219d0b3a6dbe2dad56f162f300,0
34adf402dd40af93ca651613d34a4a1d,0
a1ae607135e49c2fdf28ab0153952829,0
d93a4e2d7a3d419c441defbafbff91e8,0
972a3a1403f710f3a03c22c83c5981d2,0
2fa77733b7f9d52f5a8e825826a75229,0
d1207613ad2bbac16629125e749bc8e3,0
24c79a10ba341a60518e3a811f1a4f13,0
659106d451ae008e9934b92b43c9cdb2,0
45981f0aff4f1953f1e808e09ca21dcb,0
a7a621cf155f60debd13381852ec94f1,0
fabc6e94192dde3025db8f9cef243fbe,0
8f4af3944ad12d13cda9c8399f556e2f,0
f9eac626de6ab58016614900ca87cca0,0
f11cb15f74cba88c774ff716328f9beb,0
f05f10fc78ab39e260103f5b569e6d56,0
6c65b8ff6c2baa422551756f3f900fae,0
dba4f0b75577cfb6c98b5ebad398e670,0
d7ce78be516fcc2aa570d16fad907da4,0
3bcaec0cc748acbebb18518139d146f3,0
3f7a5c44770421b260f6a588d25e47fb,0
13217f55de47fbd3a775b1b59bbcd002,0
08fa5e5b1b78cc91ff7fe6a574980dbc,0
1ae15a2e83eee5a8b735d9ad1a6d32c9,0
66e6881184eb7a8289664f95d8924aa9,0
d3cd10deeaab7f5920964fbd2683977d,0
79b36ed91fca91649f10acf26ea472a8,0
b1c5fef57340e7042964a8c4485714be,0
ec8a9cf5db68407908e385f0ac40b08e,0
ef042d3a2e2ac26cd3fb870927d9106f,0
229ea49c82569b97fc63f5f1ea2e8b00,0
49c49e7efa0ce5bcc726204139c8c5cc,0
c04e154e62ed968fdc64a7a82035eb3c,0
6209e894d33c857497125df3ba6bb49e,0
6e5730ddbd86a3c78722c01606139ffa,0
495c75fd2b21a044d7a1541ece2080db,0
5ab664faf4e4bac71a2ca9b53e4783c0,0
2a0f2cc56ef448d841d5e8dab51cb5cf,0
29fdc21f918c55ce51c76af1eaf8562d,0
8671a1933e318cfde033048356014cec,0
f017fc01f8be1489bf8a59bdd660581d,0
514af9abf806f3e88d90302c5c2d6ff3,0
9155b767ef4b8e8a6d00fd2032f0cb1b,0
38a4ce1fb253c06b095b201e6fda8452,0
0dade9187a88236102442ea6e9e00b06,0
f1434cb48050bbec458c09f00e5f26cb,0
801a980cad7b5549d6ecfa8ec999bae7,0
3ed9a4a9bcddf490fd6d5abab2ae28e5,0
62f500324d4a9a7eed23064d5ecf3b45,0
2cd5be7e257acfd74128e7f68bb76c9f,0
0a1225b2114dd7131982dea67f93fd80,0
29f1bd68406dece47bd76827168e80be,0
9e6b659739b9de8fcba2cc11ab4c3e6d,0
ad857b9a113734619def86e0b7a875b1,0
af82ffc6dd603472383a7858218e121b,0
60fb81d6f2a2a3585f4d5a6a02e728c8,0
3824993804343ae67de60e84d120573c,0
7a6d348efc32ed2367acbc8996ad830a,0
0f2f67b2d0b3ea262b3dbae44eee22ae,0
1a8c5d9362dcd2203ffe5a66fbee760e,0
5b96a1a72d879c5c6ea645da92529069,0
4246d75d1a23226260e8cbb99d12a302,0
628027e20918d4f3ab6998866a8177b3,0
6c7ab094f062418c11c3cd9b02732967,0
8d131aa050cfaa94e8cf9c94d64fe9fa,0
fd1dfe03c9904ba0701f8d74376716dc,0
2952ad287482e78c7ea9343fd22c12db,0
eb6e5e74a80af60b2d96400b92ef82a8,0
cc019cef5200a687e57b1612eeeebef6,0
1798dcded5c74f8e51fbdb8c867dc531,0
b047882beaf118a9b56dc4a2d99d07b9,1
a6c345d233d73d585a8cff666bc19277,1
62cdd35e38d090cd832dd4e81389eda7,1
9d89cb71394976f0d59b8a949c9698c0,1
e397a84ad4f08b08efa7b11c11d012ef,1
da811d2e2c15feaaee02d14843e9edd4,1
960270686473d583a2f76e8a4e4b413d,1
1b1c497355e6cf38fff1cd1746286419,1
aca15fa8f7ae4123afee0e6d1504d698,1
ba031c8c16872b9977a46d801154fa8a,1
757ca43cecc86363ce0b0c0ebe40145f,1
05103e93643648548ac55080a696f9be,1
939506ca4951fc09be7373d79197b853,1
01efbd43483c486f86a6246f775a6169,1
059b016856096c726daaa9a86593b5c5,1
da811d2e2c15feaaee02d14843e9edd4,1
8f0f9b623db685d93cb24c2ca9359346,1
96c8c399f5dace21bd152bb2bdc9153c,1
746a2c52df435b7dc7119c4f2a486461,1
5ef206bbbb45c0c6c998c15753f57fa6,1
43cd42ff23eae43d58288130474cd792,1
a75f10dabe3f2224223dedbc38c58aed,1
df5029c40e98337d0d6991464b3e3a52,1
24eff0d8e6b387f5f506a989fa997465,1
f9e038ef93643bfc428be78afa2a2d09,1
a253a131dd0e1692f7ba9d27014e4664,1
c1f776b0cd443dca7923a4082c1b4db6,1
6658cd39ede69e6f6ddd9b554cc95e64,1
0b68d00869b35cefee7cd9760d2f776b,1
1f9a0ccc5fcf1ede7a32bad2a3526f8c,1
68d2cdafa1329c61e4ae0b6ad5ea22cd,1
8e3e91c1b13e143c5f092e945154bae7,1
1c002c3800b1952a349664a2d72b80ab,1
148aad3c6feccbca72549341ed2466dd,1
12b13af2e1a125628e18261d65855f15,1
50741d310e508adce49cc7f5a2b8fd69,1
2617b29cc166ba5313549cfc009c89f6,1
f9ca17171b1bfa74909d5ff89f47ba99,1
67e50872ec31af8bee385dc634bb19d3,1
237c029410f63f58684f68fa8fe89452,1
356cbabeb3bca9d22c2b1dd660fa9644,1
7007361a5d99d19c2b60125ffbdeb890,1
17896af3e8558e7a336fcb0c7dc905d2,1
ffb5e8a38e291f69f37af051846bb091,1
8bcf43c6e62704aa4ecacc47d727cd19,1
8f662233d144674538bff52878f8dca4,1
61f8485bbbaf0159a1fcf30655e08851,1
9157d49e1e664e56871c6e989bc2cd22,1
f896b375b121df7ff1423075c428953d,1
b9eaa38a5fe7661e73e7967b78001ec9,1
f733ba00b703a6302523154842558e3c,1
a4d8e8c1b7a75ec82d1c5b09f03609f0,1
1c638bbe7f6f9693f7d848ff31ea2aa2,1
08b3ef112dbf592b330930e69c0654e6,1
636264574805d771181ab87a059ba2ce,1
f1364f64f0fff78b98e3f7322669b38c,1
521081bc7e4148735da221fc9eb0fbd3,1
d2426efc3783efa5b653f940b6128219,1
68779f86ab8f9ca9e83b5208f4839d6c,1
c8e312c284de2ee50f655e1eabc77336,1
43e28332b34b4a770a73966fd1c1fd50,1
498ba5669d4f9138b85c6298df06cfb8,1
6d18e8e945218d503202b3e4cd7d2981,1
83cb18865525bc6aadcdfc4172ad90bb,1
35fa64b1cec35ce584dfb278d4e026a6,1
2ceb0118ec17df67db3e383307381be4,1
69f15411618357983e56584993f5b0ca,1
a9acd5ce47f1e034028f9c6aad8b4f2c,1
0843179d95bfb16077427673fefbdc8f,1
295f5a79380c3ee4e8e26d9098e02ec6,1
cddcd37109179a49ca3dd529333b004e,1
f3ff78b476e70b888963590bf9c46945,1
8abba7da58e6f3ffce31d0a3b5808348,1
e314cff25eb2a66266f375eb3d1af2ae,1
55c83854aa695c2c00be1b94b9b6c21d,1
1e3ef0503b749ac524c919925dbfa5eb,1
e5d29e826f927de2e1c5ad5d3ff712a6,1
44a6d0cd1196b430e94a1f8a0e1d0441,1
c8b08511b09afa93925e786307a5cd9d,1
eb3e6458c38c181c61e0b1ff0ab099b1,1
48f37448571eecad6c63e6f9143782fa,1
c1edbefe20899f6fab908495a4f4376a,1
6e38c0462fcf804a9cef30a85a06577d,1
f5abb7ea49d2c7778d26c2f48af42a98,1
6e21a876510428eb3d6ba8cd0a5f6ca0,1
52cee0b4570a579c2819768014c79599,1
7f7812b77631d3a9af0ab92ff9bbcac7,1
f0f7ae7d6f4aeb2882956383910da912,1
4bb2f63baa25c5acd512b0a68c24b9d2,1
8842b0ff556692c617814c5721dab3a5,1
23b6992c02f1da51cba0484c02eb6814,1
decf02f302fba099a08b93dfcba5f103,1
5a767e0f0ff6195722c049a513f12d15,1
82d952533844ef3901c45dfbd90591c7,1
3f7363b5fe324d2562dd020d69323e3e,1
45213fa29e869078bb7f4b25ec328241,1
086ee0da971e79f1f8afb0f66b77f6ac,1
0dafee5d0c25532d0d6d7f11c1363253,1
8a8cdf8914b42126d8d4ca8a1cec0ce4,1
3d6a1a4253aafb824220281c9299120a,1
e1472ee9e1863c1fb35f68c8694a3d32,1
f91a61716b5ca15049b33e1c68c2d897,1
349f6fbf5851f96209140565804bbb83,1
5be76412f149f9245df65ea7cacee054,1
8f2c6bb3d57ad967607dd4f4de00a2ee,1
5c1402594b9624d102ece4e9d681a7a6,1
b1c8ac7b0f302cd079124fc916b44f7b,1
2ed31d05b1e4a476369b390b0d0fdb70,1
3917f975ac09b8cf660164321f11e385,1
a95ae65fb166984070f318f2cc9e0e50,1
0b9da4ffef192dc79d61f21d8f737555,1
ffc68141df11d29fec51dbd01b667be8,1
baceedcfea660fe9561e69c1ef366472,1
50bd91db473dc778daa079108f37b219,1
a389683ea41daf999875b17798f0d4c6,1
10337df1ba366aa60ec425837c860114,1
bee71fe713da60823c22fd8907299c53,1
2264741ac1429e9e53d6494cdf1f8729,1
dd38494b3c4368aa33b14411084d6aeb,1
f1b16454990a03390da089204d71ca35,1
2183a70e1a80429f7e2f36dbfd44059b,1
18ce6714833db7694e3b2041d627a422,1
d84e88d09f5927ecf3e9455c3c6ae72c,1
37bf59b3d185f145de6be77f9b3d5e08,1
8efb45987e7adcdd0cf1b82839001bee,1
97871a66e9f7486c4036182d36c0bcfc,1
070f267bf8f04134cc74c4c9638e8078,1
9227b6f47d10c3a25ac3324c2e40901c,1
4c7cb383415ef0502ff14829205063c5,1
f5ed6de43e2f48d32eb34b27489153d2,1
94b4c4566d09230d8c96a6aa0d292b47,1
aae722ab779cb9f48fc70977f4daa08e,1
10165bd505b32fb5b3b04be58040d139,1
e76da43c8df213ccf0f1adb518eded02,1
7055aeb04ab3fc4b290c7d0f73a26572,1
cbd24a8b896cfa5df93d320f6d006d0a,1
279104d744b87bd57b038d79aa9d5049,1
70e9d9dd3123582c1ba2bd2e1f4d2a6a,1
b419c21e271898a94bed07ac14884c22,1
6b645a951b481163c80b263daee2a288,1
5cb284d7743720483c66f96ae724cc93,1
f12e289fafb514a105567843d7b326f6,1
075de35b63f16138b892c55ef6b39cb3,1
1377b36595a4de4c9ae753180237c3c5,1
48694034ac505485adf8736eebee5384,1
74848aaf2fee34aa4433ff8d4c572dcd,1
3b54aa38a37ba7772aacec9b4d0c66ed,1
c3bf9e92022dc617565e1266a02e02aa,1
e5e48ff391994ae33b815fc4e707a4fa,1
ca397fb96db069a2b32c66dcc9413976,1
417e2419e4c41d18d68fc8fcd1ff79eb,1
69eb125e0b2a7fa9bba88736758f81c7,1
c57c30dbee8c4f3b064c2cff9df7f0d2,1
6b3688487f3d97c5307b19dba746a238,1
9ea86dfb41879d11563034800cf16b9e,1
fc605d6183854de933b9677e406b97f3,1
c15c347baaa037ba26f2a63ccee25443,1
b3850407e8e8b996e4639353c66e24e2,1
4504ac7c2f46cabd0077e8c8edcb388f,1
1b86d6f1b2e058333207ebd361c94891,1
fb651a67896a569f0b848d220ea850a5,1
67ff46e7fe0742903e9d4d22a57cb55b,1
be4cb645110dfaf0dee89c1446eedb48,1
b70b14a5ef941fb7e30a50cf0bd7dbae,1
dab25d4aecae6bbafa7f961242ac01b0,1
a56684cd7043be4ed5d8bc665dcaba41,1
9d229285c4a436c1c441a708f2427389,1
3a6bcc02ea46461cc881c1b0af4abbef,1
9c3567bac250bc0609e06f0c9cb42e49,1
e2731de20f0d9d42c221a9171c15676e,1
322b1755afaa7ddb4cb7cfc6d51510b2,1
a284e086ab8e6fcb5c26a7c86a040157,1
c6ef522d625972c83db8fc893778334b,1
c6ba95be0f6cd5483cd3e6ad37c65313,1
f660d481b6e6f8a731ce7ea43cf11fbc,1
2647a9ea288909e5b8b0d1747a277532,1
367ab02daded18636aaaae4128219f58,1
1ab76181d7ed8ca54d480cc37b042b42,1
87575837afdf38c641793521216c0aeb,1
d886d98dd61d3672454b03382535fffa,1
c98a7f11f2007a81c7c9e548345bf8b5,1
77f6a1a774f0b3aacf0ac690ed7985bb,1
16249d722438c8713b809f8699471fa1,1
a7fc4d4508961bd2ad6f1b4dcd0a25c4,1
c332cdf2555531830510dcd74a8eb075,1
83c768971d15dbb5d15454fd3e3bd82a,1
252b1b6d3c2d81bdaeeb3fd9b6e87ce3,1
e65f230197acd673c32fc13b7767dda5,1
42550dcad1dd4fee004b8cccdc418a13,1
b82b914bfbf2f52f9ffaee4592c36abd,1
c9a0f77f0f7ccb2c2408853e763c4c70,1
aadab525a324426b35c338ab2e6a8072,1
8067d5f822b0a5111a923f35831e43fc,1
e34cd89ad4d6a7ce5f15e59bb323e59e,1
0e80186b97c8dc482456576f5eddd894,1
33db1d117275d56aedfeb4697c7e791e,1
70aff6f82d6d7d73247455f2fdf8a447,1
c3c9c6bd0021e2baec864dc593265bb2,1
e3251a4f9256d1ce1082a089498f0836,1
c5532135c1f7220cb2ab92c8479fb70f,1
98a8cf9d8cb8520d23323f3c0023491c,1
ca71bb690bfabe29124e3d69ba75ec28,1
fc3fcc083c8919904adca2fb4916eaa7,1
c3bf57ac8b6951ae819ef3479f077163,1
60ba0a42e694e0dd4d3869125b0768fd,1
319f49978d50a3caffe697e00104d2f1,1
9915e1c872814b494336d37d3939710e,1
58f65067f1f5aab5680397de9e37e8d0,1
933efa7db98b40286cee6e7210c21207,1
b8ffc8c3016b3e22f2949ad80d69dc93,1
6a3cb95058254d41bf4feca3dd279b52,1
223ee0bfa2b10f3b5910e0bda8dbcec8,1
d9be552632d209a51b492e6f78c68032,1
6fff3aeff9534a273688508d4a001360,1
900067ff1d0dc948c6582a2319ef2f1b,1
ced8b6325e6af080bdf3beb37e0cb646,1
f7d9d397401ba1d632f457f9f6829772,1
87840f742c5c576f541e64d8697936da,1
4aee5f31ebb78cc1726e948e9e83ef18,1
b54829b1d16b133d9fdfd283bbd1575e,1
18e4a2cb3947c7c83d972e69b32f6baa,1
150baa1148c85e89d94598ede92b5f51,1
25439b797948375eac4ba4fe49b23f70,1
8da3f2ee9bcd84d15240c0e50bbe2d59,1
cf1b49439b11186cd181f0ac03ebf3e0,1
ff458fd993039cedc0ccf149ae1763ef,1
cb688b45316c583722faa3acdb6eeb5e,1
93c27ba5d3e0c00e5c280afb9d593f6c,1
a5817494e85fa3c60b4ef92f1bd93116,1
fb221703af8aedd50d47047075b05532,1
dd5b9794b88d30b6111cb724df85c6fa,1
026724f591cf99d5150bf6a2fb9bc9cc,1
e8359cee029bbaf5c651d016483b1e9a,1
756fdca92879e9222c9950a09aab0153,1
27f55d3a31980df0dcfbf25d1c5eef28,1
6ea20972bd04412ca3da7e03f54698ac,1
f9978392a09a7570ff0921b2af9796f8,1
aeb9d39c22d486846dadd58529befee9,1
6b086b2cf7086f874409797f7af2661a,1
58fbf5518c922caab3d3004e207ae8f7,1
fe61df001ad9295e2857a39f1ec787de,1
ecf3fc741b1ff5c9af458b6dd7088e7e,1
7ad8939fe5da5e5b7969d9dee4cb8f4c,1
15143162305f01b0ec562b8f2161a0b9,1
6cd0fc5c4592bf6ab673964bb721b520,1
ce5ee095702f4546045c8a53d0265bfb,1
2cf49eef16c5c87e28ae005ba1716aee,1
ed05c5ddf5521532acaa78584dbd2525,1
c6f5fb686859d48bc26e9ec88952b3ee,1
d125d66d2e87728601924bab83a70b0a,1
bb8f4ddb7d3c5615d1076693dadb5725,1
3fc2a41adf37b0ca8276dec80933ab5f,1
be98db2da6595d168f67a55591a66408,1
ce933e734ecd82012d009e8c31725aca,1
b64669f1e222f237ce78bf97dbd13070,1
7e372a561972af7f39df879c2436ac05,1
760569c9a6d9e940608df252b60981e1,1
a600ce973bbde01ed9c59cdf72a59ddc,1
072cd8ac906f932c47730d62b5107af3,1
7f4d25cf4f64cc0ea3eae1afe9238596,1
cb7e3af21e48f24fc4d4afdbbe233d14,1
c4404f7ac1a04e9a5df5a75bb37a2d0d,1
47507f18cc94b47bb171d6c9a5f2194b,1
7ef8c40716000f7913944a5c6b2eeb86,1
3e01f0283f16464fc7702653ba542462,1
43b26ed6d0cd98e41fb17b2f601de797,1
5ac7a3f8133a3f54b69190d81001e745,1
7f6e012058d7d2b9d2c124cd70d00d68,1
fefa1d6bca7ac7150f605b776a5f98de,1
0bc6fccff54b716da8ca927fbe69d2f0,1
8af82066ae43a19cf15bf3e562c93f5d,1
0c8579d048c74b63c8eeaaf4a4217223,1
1d14e47ea294409b89c31478ff275c91,1
fd2bb275672cdd7b398646f2e4588ae9,1
961e14f87ec8f6028f8bdec9e1fca13d,1
82d78b4d8ab2106d6675bb862470adbd,1
22cdd516fa603e8539d93f7b0757f057,1
419e65500232a8e436a240600e1c76bb,1
778214983dfec6416c5ef0a43a08e41f,1
63897523a9884d4387fe6c3e79a9cd28,1
0cad6734d3865b27e728511f873b1ad7,1
38ffa109487396c3403070917f847037,1
41ad69ac83f394a412b2219e1447cf18,1
05ec5b0c86ec2d3bfb843e535de3ec61,1
87add4f77829ac28d4cf791ec2fa5018,1
1d168181c4b4c998c900e5a27b5411d5,1
24fc896c819626f0459a61da046af495,1
c8712eb2c710f5d64568bbf79fefa2bb,1
2981db07756512ec2103903f209c69c8,1
5316ca4411225bfb5619f10e55af0713,1
4a3685c08870017abcac080267ef9180,1
4187279f9a07a37b53ba98fd1bdde23c,1
f30f0ee1d7509840b78f639260708409,1
6c543c9b385b91fd12dcb74e627841f9,1
83c69b8175001a511925eb52853fb114,1
cb99c2c86744af12e7ace4bbb20f1ba3,1
2aa7049c98e6bc466cd790748c561f89,1
065277eedf5f51998b82308588212d2b,1
b837f2a262523aa8957b83ab6c9aa081,1
1432ff930cf91e708574dd9695f690fc,1
53e983b30bb6d7ee5baa64b3965e1ea0,1
fb35de488d81664f79519df2050fc55f,1
bfda3a7880216de4962ba9b9d708a560,1
5d91247705da452ab74ed76277498e5a,1
4ca5b12aa9055027d1d44a4710303d21,1
27ff280ec0791d33fa62ebded6f2e000,1
6edb8ba5e5ea8f32a52a5f287167b243,1
55943b9114b043aaef53197189e86b0a,1
cb2e86ea98953561a878f3a102c99b1c,1
2790e54fa055a016cc69919de6f9a2eb,1
c6e71c2adc08685a89dfe970566532a3,1
f8a981b598ad4fb501e32a2ac45b369c,1
cbc9f6aafb554009fb7b3000b60c65fd,1
da991634de0fb9ab5819a4508cf2d833,1
4d320c7e79abd7cdaae425e0cddb61d8,1
d910ef200134dece71f2f13f09733507,1
c9abba10e571cb999320b49161b096df,1
9710e481d6723ae3cb64c4cab0d206a5,1
14781af4d2d3986e62c7017fe9534965,1
3672b9f6acff29e437004ac9fbf3a008,1
dbd92c334a23a8dfdea45ed0cf4dc776,1
87336e3cb5d447ffd6bda16215e49d2d,1
6f8dc82b22199392896febfa1b073046,1
6ebafe7f0caeb3dff266087082d1cee8,1
cf83180a73b4a11ff8e6c43cab0042a1,1
8829ae607daeb34485e6894fa0ed6c1e,1
f782c7ed18a2c51ff04e66a3f4190a49,1
4455a86910e8b2598a77a72e44d3eeb6,1
e44f6bbf1868aaee467b8a2b55365403,1
fd1c3e994fc5edc7445a51481c73b419,1
a98e5cf26e972102b461c70dbbb0c5b2,1
6820988c1af65632f5c11e3bebf04abc,1
44eb09025da2338e7ed965cb1bc61c9c,1
9ed5068f105b3a99cec6c3ebb352322c,1
7e8512199c4d5d8528d592653bf75236,1
bb637115b2278bf4346c422f7f3452df,1
c80ed3feecc1d04256656c0722cbdfb6,1
383cc1e2e685368462baae0f3a0a337a,1
9ed5068f105b3a99cec6c3ebb352322c,1
f28273dfb8625abfae91b2603ecf6964,1
848a2e8f554f8d23f9a99a38f2feb659,1
664e97af9e374fdd6d5b30f8ae38a152,1
f3ea4985462bf4dbc28ba8a37b4c82b4,1
513ede59631db55d6e7eaf17dc6c301c,1
7546c9163f12ac227abcaa380f0e1824,1
94734e8c8d8b406bc89de6a04ce6a5dc,1
01c7611e684b611ce07e07d5ff14f933,1
691c88928ee7a0d8a01af095aab78089,1
869c0cf6ccab23020bebbdc9c6dde271,1
26ac15963f4ccb89afc1763206656165,1
c602e926630ca8d8af1d5260bb8aeac8,1
710039e2eea768125c07794f1326cf9a,1
670c98ed7d58ee511722c50f3c9df751,1
a98a8be56ed2224ca6980a0a277eb328,1
ce71a2482f067d351340326f04fbcd87,1
09cf3dc98e9c2d4d299765d254ba4f4a,1
0e61bbb1288bc18301b18c1a82fe854b,1
4af99d2d6a927ee57d72295460048d19,1
5c5ec8b112e79ce9aae2b9d5a16b5abb,1
3165ca56f59d77160b2bdc7a6939a387,1
50f219c028220d5521da2d5ad823dac1,1
c5cdb5b3c94e7ee477b8379f43a99872,1
1c42941fadfffb4bb0de7ab5d2ec4b58,1
72c754a91fbfa024e83e5785b655e819,1
77415502f173c25bfafaf210642fad56,1
290beb41f7e2a973971f23f573e71a91,1
17692b1f377a59f01b38be23215615a2,1
28ba0f019e002eacb4f8bdd3388b67c9,1
725c6704227be7f2eeba4740b54f8882,1
2aed0d12885d663c0e82f95a69d202f6,1
a600e63217e3095671e2e0bc9ac10da9,1
6aa82beaf932d9d46f4ee5b311239bd3,1
e97abf558ea1dd0e1b6cd6d7f5bc83d2,1
8c081435f32e9e83e9b8d6d4e1dbe4af,1
35a4109018624eb211b137736214a516,1
a28d0891de6d661e599f2ef0aebd20e9,1
574d2b689243a2383ecdd3507ee6c12d,1
23c0be903c80e8ad5f72b5799407ec3c,1
23147264c17f726f33bbf10dca3fdb9d,1
009ff5f0f7284627af3556f8decc8cfa,1
d5f324033f7f94349572d04fea4fc105,1
468238808c6c9302d6144288bc5ee977,1
0d16417b43e19bf594038a52f028b37d,1
9e8a4306cb01b45b698ec91c44f69f25,1
a5c986c8f7af8efaf50fdba47d227ff2,1
a5620a68949aad5002ed10576c928f20,1
4825a68805e65020c1227bce1750533e,1
7360ece783e2dbb5457c04a95fe75937,1
6b903b719f93bd1dd35d14b97754d8c6,1
c1fdac7cd33a4e3461a48e791017c18c,1
73629486b2c41da796ba76df5230461b,1
1da99186bcd695808588d5466c8783d6,1
edfe091fb2fa1de8af66f2fdadaeeb78,1
a88bfc3a4f4b1bdf2f3248fb27fcda0a,1
337449360dadb155c8dbd01fbee6278c,1
0060397b87352c7cbb10fbe7735ff81b,1
a6c9adaf1105acfe957e86e2579585ce,1
b24adcae394ece08fe4e1d10eb107daf,1
d1d96d6004239269cd917c322baab32c,1
f8b14a3b1b571dc67dca43d0e90e08d8,1
598aef3155cba7fc443291a146d15be4,1
c1fe1aa1853d8fcdd35e7e3d4ab43118,1
75d475bd5e652e760f5233ffa83b62d5,1
1b9d85ce4f344909c9cd06165c345047,1
60755c6ec6d36f239f345b565485d061,1
b2b1389eb807e13fe15cd2496ef7be8e,1
877f307f95b95bb0746f51f14ad586dc,1
f50361427a073754c0c7970b59bbad88,1
fe03db414c8b5e2b552fb9f281c6e849,1
9420dc6fe1f8d77baf646f2662817651,1
e83df022867490ce9c38f7608872a345,1
054c7ab53f310f6d5607a8d6f271401e,1
7c5e32378233c5499e2864a50b5231ee,1
b952a4913e34121e6abcecc021236c31,1
429fb2e05ca6cda0ea3106c43ebbd0ce,1
cd8cf1df02a4afc4a2a539ddecba670c,1
29ad1953a51f9927a2bd910e3d11b6dd,1
5ac6a6460076a344a7a8b9f60a6d59a1,1
7122a60ccfae2cb2aa0f290e3ccaedd6,1
b3fa13b09d61ebd6494e208e4514da45,1
a52b40f9bffb3e73a69faa6496aefcdb,1
954cad7846c4fb6c39bfdf94bca77b92,1
473b688c9509bb2d9dddcef8ef12b390,1
b132a287fc68192d7a0bd530ef85c2c5,1
ad234f5d9169f1d607244f9b9d2b65da,1
9befcfcdf41f4072f865494b2e548639,1
10b120cbea5e6b460a1fba57d963e4cb,1
272e1d830839513f06568223a707f523,1
9b37c21bff2ace7191508d70c4c4cee9,1
9dc6a0b796c1641cb74583bacea7b523,1
b3130d021c855732a0d51383a03ef49d,1
f24eb3446ffd6947dc97195fb0a67ea8,1
c7b1a573dd46ac322a3489b2d013735b,1
10ccaa14da0169d6a696b43ba9dded30,1
cfc46e3ed230a6d01c82e9d638c8c32b,1
9f77af843a383232666f44ed5cb1bb70,1
0e25bfe26d7d2d9a24ac1d3645b06f01,1
fd972cb7c53266b3ace22d70eb8d3327,1
77c4d316195fe2fc166597cdbb6ab21a,1
ec5c13c02238530f92ce79a7474b2033,1
25dea716a3ddb895ad4706b99e1fe9f5,1
3e948dab0efc557ee7d80475ab5e3e31,1
ace81e27897fe8e0c2d31c4887b28dca,1
650e7b4ada8683371d54ff2a615ae124,1
26f59607a120ce85effdfe41ab6dfc9d,1
888d329a564103f19d72a22d6a3a3e50,1
3503fb2030037c53cf7e4d7c2550e11e,1
1010e41f30484523a811290fd1bb9ff8,1
17b5850ddf1762b2121b0cca235804bf,1
404b0c3cd47255e44d0b8633a2bf26ba,1
ed3e2fa7f0385f1ea9396f20f30da5fb,1
30c3a834b3da56599312f95f93a4151d,1
ed4b5ecc71c7dec3da67353dc5235d0f,1
a731525bbac078d02eb92518455e6c2d,1
e0d378e50fdabac4fd6a52556004a8fe,1
444842dd1ebb7bfbef220ba0d3d93a01,1
4cca16bc80fc1cc2e5df185b8fd1f5c8,1
26ab26e7ab52c0d78fdf45590fdb8537,1
de35836696c85dc2fe146a0792937e39,1
cc367bd755135b056b164a78bcb922ab,1
adb6cb7adc06c74944cba40d361be397,1
b7d206242b184ba2822b7a56702173b2,1
23328d5957f5993718afc31954285447,1
08133032610036f1d426f4878a62b3ae,1
b42af84677070cee536d0ca52b8c27fe,1
f470b203221ffa49885eb04762c058da,1
cd2409b2e5ba65bf4720b1b0bf552d31,1
1427ee3f026c26bfebb3343220d2bf76,1
6fef0466cf4dfaa590845296e4fc5b78,1
658ed9862a366d7620d75e3a4ec3ee77,1
ece102ef8276e585027099d6a998a953,1
cc5d32e2787e57d87657a6784b7c30c8,1
30fef8895b7b3d76802c89fad2dac5cf,1
ce1940b31d3e88a0604931fe303f168c,1
3c1b8fd6223dad3527de924b422b6d05,1
d22de466ce7efc123b7b022d0422c85c,1
f5ef33432d319216c9782eb5073d739a,1
d32f8346e25aa47f57246861d77f91c2,1
ba055fe3ab021840f4fa4ac97ed2560a,1
8c4dfc6901b76c6029dca6f9b9d67a56,1
3c3881b0d4d1bf7fd36251d8a3b7d53c,1
7a81d763ce9759a0b09e4ff12ee266bc,1
3724c985baf16e231946bbb9e3b1d2f9,1
f224ddf8dfe404f2a7a3e6a2f198d41a,1
77c421b688c57ad883c17135c7b7bb4b,1
a720b4877982588a77c1af5e077ed877,1
8585a7b208cfb1266e7028d02cf8a1f9,1
080829ab58549bece8a63876d96d03ac,1
6874590f16c0d2f7d98069d637896c88,1
b47e584fe2dfcdb4870ec0174c990352,1
ed93bffbfe38f79433f59ef082a9150e,1
4c457fb86f9436d260182f69c2538e5c,1
d1fa34d69b23868bdebc11ee7dfec60d,1
7e45dd5fe0ea2c0a6f7410d78864f89d,1
7f2d736b2a9d4f0379c97b8a7fb73839,1
6189ebf571b51dd9d7e00b8f601b438f,1
b8d26c0e6b35abdcd1cc9b548436a26b,1
ed0661fcb6e511702d217c148e6f2dd0,1
3af6a5ea1d85606aa83aa8c29a1bba2e,1
08e2257a2ba7ea803e539a324efd0c22,1
3d543ab97fdc5f62c8c0779fa0d21b5b,1
5489e12dea2bb2a7038fd11cf8e505e9,1
8ebf394b5626d522adb24518a7b02adb,1
678eabec2ba39c15d62dd048af8fa4c7,1
c82baf0a820aa931e0453b1907b00c3a,1
f873a73cf5996f30764c5d14bb9e3352,1
dd5da446fc135814e0b592b0777de5f6,1
9a44406a719ba23c6f890e30cc591772,1
bb0366a1a854193e01c978feb8270cf8,1
6f5de3af08d1399a6daf9726a04914e6,1
2c70281c36e08d746934704c0fcc2891,1
74716464c5d93aeba62bc4214149f60b,1
b2b27173406f5ccac00c8d5e8e6c0aa6,1
8810f75038bf41ad485f83e78e18bddd,1
696b8d7e263f2befe4ac34765dd3cf2d,1
1f2767bf5519eca61420b49b5a744fb5,1
59a0c14764e1caafc7db6d0fa80fd815,1
e06d44994979af9c7428bfc08e4d5c44,1
5e6d56dc7c9f4bb4eaf1430344fb4d9b,1
430ab20cf035bb0e3129649d1a06feed,1
b44f927bbab34525e6d9b4a244736cbf,1
12feca14f75b9d1bf6eed4dd1145113a,1
6d0ac40a44b81312510c9a198f2560c2,1
699b6a9f6a1bf92276adace9c5171e70,1
9497bd2dbc54835f02b07eb04552468a,1
18ba4e738bc0b9b448f7ee38a46424e2,1
e5a8a5d498bf64a8af5be2964b885961,1
c2c1dfd0713956ce963a731a0ec7aff3,1
9afaf6f0ccad6b2e2dbddb5f84967ecc,1
fb9f2965c199f9e468de4ee3849b5ac1,1
ec293265288386745e0457e68607f8ab,1
4349cb78266166408137dc9f189cad04,1
57071d7d1665ffddb61625464af4b21b,1
2c5eec9e33b87380fecbdd4cb5b4fade,1
2c4a0b863cfd6a153ec5b641cc8d5c4b,1
cccfe4f314afeb8a089d0ef6ce2c330d,1
07616355d14945a53c7b19edd546243e,1
5dd071380127b70b68e59a68e4074aac,1
974344fb3336f811df1e9a4f13bbeb7d,1
2e70a69923d1bea757214a6f5f5f7ace,1
a906b2652c48dae26f8ab9a80e5da9b1,1
c833e17830f5a9126dd76917f7eec010,1
2d4f9c735d459bb0a65ddda831ffcef2,1
bbc30dba67cb8a50fd85a8cf239736da,1
5b4ef190719416b3d95e92e874323ea8,1
058422578089ebd5b91bbe9d1e9faf87,1
eba4f9588ecf321264f189e543456401,1
1bc2d0f2b9e5782f34a4c504a0f6adc6,1
1627855f675b1a231002d83d205f6c3b,1
4e3de0e2dd5a24a85ca339d6485662ac,1
fbab5ca43f0a4af275b2735028b45db8,1
3e21f9f823c995ce85106939698bc567,1
7d788df40ef2fec60c9e0540bec4517b,1
edc9bd75e7e8138ab6973283504880fc,1
15e8b36bd911a03883dfa8596e327296,1
580e52daf0a933e068f983b96fe4e67f,1
8562dd67fbfa7c6153cc25109ffe19a0,1
140d1ae6c0cb4b36b469af0f76ab53e6,1
e8519a316ba425eb238703a841b5f303,1
06d135debaac6bac7f680239c19f9843,1
37f0d2ab27632d459590e5c10bfb3daa,1
c82b146eb71552eabe0809246713a4cd,1
28caff2ecead9b86facc145aad01fbc7,1
aee5183f9b490a9587f4c9d24b82a7c7,1
88930d2feac0a5f50232571cfbf8a66e,1
ae6e655e11efaa9245dde952b2a4b087,1
ce0fe355068e2e88d553c254d7bc99f5,1
877bb847164da3156bef286742c5535f,1
0fdf6f1c76b601fc6e6ef93ac32b64ab,1
c64afbd752cf30477fe47c1dcdec7f68,1
f948e17c3871f7e46fb1645cfda63ccf,1
e45bb50dc1730e02e85759479bc1cb38,1
5f6a503cc5d998f058764ed5a7f2ab9a,1
d2841726eeaa865bc760f3ed10f6823d,1
301757651c855c8e45bf5540519caead,1
fe6a7961b0268a99a3c898d7b080edc8,1
62fd161f11477cd5b8d61cc3d23de9f4,1
d6421e197310c93beda10845966b66a5,1
8e609835b99b20426624fe51b574e3f0,1
20261c5ae225ab0b88c8641c732e8ec3,1
ef3fee94554ffa6cc8ce066a50dde6ef,1
aea50ec8ae405ea26852cfd385809e04,1
7df8d82f4c71ebd8c29746794ca023a6,1
f2e07fad2ce31c46939948b62b16eeac,1
e450681a1e54282d4bb9c4ab52099031,1
3263f0397be255989a0108915fb80e92,1
462583d9e4f065e923921d0a94afc5fb,1
5a4c78298c82b5652707d7aeef79a491,1
3920449027c93461efe49eb3cf075405,1
f37d445a42e32817af06a1e183cdf1cc,1
3762b427224425176e425e8548df4fa5,1
ed764a297cac6f4070c4e27cd256e13d,1
695b2a80e0f8a1043accf994bed5565b,1
9e2510baada2076c0683ba41a8cca646,1
00206aa587b34eb51b26549fd936be68,1
a8e42e29e27eb80ff8d6fd18401f4c97,1
257ed7536e1130120c0537c684133b08,1
7903a5f4c7ae893dff6f0ac4cd6ce883,1
2b445f9e464c45c687dc80f29a6266e1,1
6706228c71d2efa3a0c166c315d3f8b6,1
659edb3b32a16bb998e98ee4059ba935,1
04df98a3f1ea040d6442b7fc714e956e,1
7c6f6385d7b83cf0c745d2e049e7b2ff,1
ad324a6ab9cd4d050264d3f5de1c9275,1
25b6ecd085fc48a9527a1135c6b8e09a,1
1a9b552632c9a3dd494cf3548bfa71fc,1
b9d7bcd95a74dbaa3a2ebbb4cfb3b566,1
db84997141208d8145aa9e3debfda7ae,1
978a095460dab07b57ebd7bb8e359696,1
d6b87fa663097da83cd376aab3bd6b7c,1
a8d03c62ac8f853ab1d013112992d40c,1
0f0971cecb91c037269b296a207494f7,1
9bc355dd731860f6a032d69b8d253145,1
75016d5988164277fa33cfff05a43b09,1
c0caae3bf813d36f25f0ef1ab32b7217,1
3ce4e7eb7bc2980fce7764b39c25124b,1
c41cb70409545fa291970a4b18cfe27a,1
16cbc252bd618e0de8756475d669519d,1
66766512b31d9746de1cbbddcdca1557,1
6343d62cbebb4f978839770b9fa37d01,1
b45f7994f23ab75b846402a94e03ef36,1
c70b4ed43408939bdd621c66e42daa02,1
959dfc02e60690ebb0c9c4cd8f69096e,1
7034ba1fafd071a0879c06c85dbc0494,1
b2fbb503d9c279494f93ab5d4d3e0fd6,1
f8e15fb4f57b22820347cc0ea5f7c925,1
311bc564040f3185989c6dbbdbfe4d98,1
35678d8154e72b68685d85e005fc8a29,1
8fcba94362072bfe71fd5bd73211d8b8,1
27c0b23f77bbab7990a9e9df4882df56,1
784f421f46618436ce2837cccefbe4b4,1
44a318fac64727073b763a6e6545253b,1
2213ac975bd8971bd22eb80ef5e7171c,1
f6ff9bb6256b98a699a22a8b9f54636d,1
512c302d2c438d7f6ad37bb1ddc60ddb,1
e2e4e0c8757896e7c7e789a240b0fc86,1
cd8039c179024dd23aeb19c96624e460,1
4b89e04c6b92c336ed38aba4275d4934,1
c0943be29459f2e9a99b55af250b67f3,1
2ea949fc3a2a5b1b4e117f713ce0f603,1
c068936483722fc34f88f3b24186c539,1
b6cdee88f495b4c58edfdbcf1a675264,1
9dbbb9502411a9ebca2ba26aaf3aff1f,1
777a865c319b6509b39b60e2d7539328,1
bb06bb7da18c99a5833fd91f9c83d72c,1
aa804fb64369ec5b06cf32e2f2f37102,1
9b70d2ac3c266038aea070e5c506f7ed,1
9bcb7126f767a0a8166a7ef772506466,1
9ed0849a92c778cf3e392b9ee8a95bfa,1
f847088f88cc9f6c22db0d255aff5e54,1
cc03d47e02655123108dee82154b4df0,1
c1df3a0f23cc576bbe6d22c05c6b8f55,1
b2abeb9667122488c2f07eb89055f4bc,1
14b3d17d7af38978c4923eac7c7b1f32,1
469d9b71094a3f7a9047392fde7b2ac7,1
436d3a943e1ade4cc2de8653354e0bf2,1
c813c88c9afaf6e77896ac7cc2619115,1
608fe9e838e5275a6eeb0ad02f540654,1
96a68ba2e0e3eb48dcfe9cc1fff1187c,1
45d069d7703ebfaf9106bba7adfeb7e6,1
06e7f4f5a6b61f44d8981743cd27e345,1
2605d8456822ed01b543d2e62bbfaeef,1
7d798fb4bb1f1fb35f089535e5e5c6c4,1
6677538d76af2655da0b09735e6436d8,1
569f300ef4a2f5db90bfa45e30dcc5cf,1
260cddea41e796c186da12e2a78b35b9,1
73704b270c966ffb4e5f80ebec59def1,1
106fc789dc5aa22d29bde12bea21509a,1
4943799363a43137767912cc8b6be191,1
ed4c93281df7c2fa3c6028cfb315c721,1
3011d396d9ecbc8aa3e8795bd6da4ccd,1
c40e663a66af3cb981c72bd95d53f728,1
1662c7682252a843d2379304fe656952,1
9e59084ef2ab175e6803a3ea1fd26af8,1
45087e233b6f75c0dd41bcedd48afd3a,1
1435d3fc009b86bfa1d4d2f4caeb0620,1
5d54a8f9e38b55ea5956fa3c97557392,1
6a6458015bc5255e70f6bfd93c313145,1
474e30d0750d500dfb791a87c8dc1ac9,1
201672ec3127e2daec1d7a94441d1cba,1
6b53cac8a76c9b8f6a96cee4a9100469,1
e57bc11937d1fe11e1c3e368a95b1419,1
c333a0cf797273e20421fcc359b257ab,1
5174a1dffd8e9f1147acaa9319d39bf5,1
5aaa9cffe896726d36a80b515d686e70,1
e36ad0f757f0360be3e2929cb7748d6c,1
361021e7012b7eea73a3f4cf2f9dd6de,1
3cb00168403a58efa0287c38afd22300,1
097c4ba5d593728dd88ab6353465524d,1
28bbe78a3ae06449b6c8888f71ce46c4,1
f77b6e8d2c2e987e6a4f955cf2f2f10f,1
f240285e0dbab030d14d6d72a1253cef,1
c1e4e1a6c7f0481af2de408254a46734,1
fb58cd29407a3540a09eb6ae5ff81740,1
1cae4f7a39de656c4ed2afce4c896f65,1
536c20320ab3b7b45d91de319b9e4314,1
fa471aace96f5cb3fb5e99fdd8a6768c,1
5e7a972fbdadbe78ebecde5114cd772c,1
b88e5d494b509c8aeeebab03548f4b93,1
e3c90a73e906c04a27a587d35f28986d,1
be1bec5388be566845b783b030a67b85,1
21b37c1b2f72488dcafc47e00449af30,1
eb846abc1358110c998bd7cfca30b30e,1
adeb77894d0062b34175b52b96b1b7a1,1
fba6d7c5a7807b136196c634ee34cd57,1
3c4229665cb4d7701bde4b101a6ff5e9,1
1a65db24fc734b908cc43f8444d7214b,1
05ef4bdcdcd8e43b1273e53b68336dca,1
81c876595feaedd7559ddaadb7f170d5,1
ed14b86fda3f6ba6d329aaf674b8721c,1
170210f5eb450f5eeb392ff37c9c7bcd,1
167ef728b159c8fd21987725456ff65e,1
ed313d0190f04a6281a51a61e9518317,1
48e174a70febb56987911e51905c77f7,1
4cff9145174e3d3e8f6b88d39dc33d48,1
28c6fb5de1087155aff6e1f24e7a74dc,1
ddd19d59dda5afb02f9964902f435c7f,1
63b5be6dbfab9c4ee9e514561782e4f9,1
50c10a1a37664558a4feacff6cdbdc25,1
6096fa9370ab9762d8abf2955abead45,1
b17f13302bd51c5f4e4eabcccc4f7cb2,1
bb0504aed5e7fa49b451cb003e23af5d,1
1e1d7f2427fee7a1083c8de9e2e85243,1
7c29735a855b1d6187ab7bf3241a1626,1
5025c3f3c26eeb2ff90063a1cce8a965,1
7d19f0091d4cea1d8e8dd6c3f33e013a,1
764cf9f04b993e9438c0c06c2dd7fa80,1
e487b2f17c2ca6046abed2afcdf18d9b,1
2c1d148e6cd4c194c9662cf2a190fe5b,1
d2d556b036db56ff6e0886bb85980fae,1
499c94fbe39e0ebed016fefca7857cd9,1
89874b8d2afcd3d30885b07ae09f1069,1
5043e1f0317619daded2cf45c2a7abb7,1
735a87780ccca01e65a6f2eb8e839761,1
6dcd3000720200a438c0af113d6dd3b8,1
cf242a957a0fb4326103fbf1f515b50c,1
abf450bc4190a6100eff5116bcea885c,1
9c2affdb91f2b84493a5e26ba3b23a83,1
bc11c7f1378487cb726bb9853665d14c,1
0f63418c88bea2192cb6001906cfaa42,1
ee056b53c7a96c5ec26170c9ae9cdf41,1
39b1a59d3b6c6ed5faed376afb62f8d0,1
c43414d9c15c2a72ccb492a483405c32,1
89b35caab3547512b9b94776b67fe97c,1
ce5bebadccc12805235fb158128e392f,1
8f71fb7e0ebeef8f6829e33702c6d023,1
9957a558f68cee0b78488361a48faed2,1
e44f565dcc831b163271f596780489b6,1
d497cda61e34322da52fff9d3b26fa9d,1
bc9eed99cda81b337af7889aaf83e752,1
910420210e9250ebfa609b86a6696d7b,1
8fc32d7923637c9ad5b77354455cdb87,1
af8f5a64ba5658a6a13567e2b50371f8,1
896dc6bdba41dea41ee75f06cf5bec4c,1
8896addcd5b89523ab453e9ca326263d,1
f63254f5e1c00d4830d3a946b92661e9,1
445e61f2506c00229d33162cd6e71efd,1
9ce668304286f59e2218b32ad1a53887,1
37fef63d965e740190d4fb4fa79f8b95,1
f49622d8faa8a81ec998716bf2aaacd8,1
b2e2fdc96b39644c1cbfda7c0907d777,1
8aa18a638a025c5ae3a5036f229c0b4a,1
4c0c0919129ad5ac81dc6f327c7f1777,1
15cfeb50ed1850dd7b5c60efa9139e40,1
b78204b51c7e3a3290823c1ba8d20dda,1
df16f422d883fd421a5047f1928f3ca8,1
bd1e7e9580191944e2a03374324f5275,1
74641c6abaa40e8fcdb245bea79c728c,1
451b663547ba64bcfc3461671dedde8b,1
40a0bb5aa98dc515a5f0baaccccf996b,1
9f0aa17ade945ef7111edf0f1619f3c6,1
5ab8bbba289bc90c77f145ec44b0cd70,1
22d857832913e98fea0c49f98a7cf38f,1
46f2daeb6594971ece80edca4fd0cf51,1
78afff8204494fd9b004733e1566ef6b,1
f888221a2096e20c65cba2a70020fb74,1
b590ad14154388316797c9bd27666da5,1
4169d2d30754f1e492b8e224e3c81168,1
896e0b1f4d5767dfc985cf5e52855e77,1
f226ed0213caaa67e72878bd7001ac39,1
2a8f4e191c8b6e4d79e7c77b7a6396ee,1
ad7bdf34fbd52fe895ccd3153b6e8883,1
af27d8d6fcf3f0562d74583a83546ef4,1
34ed67ffbb1d4868871e8798713785c9,1
4e025e42d680aff352088de46a521211,1
5fc618f789920f8a30491acfaf155191,1
a389cba6878abb0d596317c781c894ef,1
f3f565bc66a3033bd5be282260147738,1
e9eb2ebb23850e4155cfcff75e0408ac,1
323b6d483885613c7ebd6145412340d7,1
83099401817818222fb403c1fdefca9d,1
29685527500e01cbba476f7ae9c29496,1
7b0b1f31e8cd4a63793607ac11871838,1
4a73db4a92b1ec349dab1a75dd00c0e8,1
6651fdf04afcb43057afa3c0bb5f4f65,1
de044ce10acb6db71d57693344d0c443,1
7166e26b00408fb45833b930a0bfe15a,1
2ae32536b6b2dcfc0f23eeb16ae9e8ca,1
b8cd3379848dcd81d7a7f38acf64276e,1
9a8832fb66b7bf45d8a0b161e92a2ed6,1
7fcf8bb4b4a0a1f2e68942fcdfee2b11,1
e5dd2621b7e34c8ba8e029e244cb14eb,1
c75f80ad70cf499f4f4163e3a6c1dba2,1
bb799bc03b4fccdfc37eb068c7b6b38e,1
37125a1bd57040e21e62d9addab23b10,1
02d59bcbdb3f7f8e57c72b2b1e8d2100,1
2cbc61fbef04351efbda7ab29f7e478f,1
20ec781f5c253d16862151045381b22f,1
80373922b9687ed8a9b2d138babeb8ab,1
4baf1f7fc8993ccdf134047b859decd9,1
9e13c407685c2e1b36601146127bcd31,1
f3c3c8185618471d9321339ff0487793,1
4346572779e4aef95c30eb193fa1c85d,1
3c89bc5b41af3f5cf59272ed9897c6a3,1
ade0473ddf64bd19c8ff66862556f493,1
ced244938710afde3a8581f3d170e3b0,1
098d2c7efc84ef25d08163df476c129f,1
62ba35cdd58ac07c1be74c1a11deb0fd,1
818cd9cc9af217866767ca102f16549b,1
f12c630eb632762b5e45aa0bd8e08466,1
1a2643c3b4906472b72818b060562778,1
4a3f2ddaff10f625a1c0402eaa15a9e2,1
2a4b2eae0ce01cf6a559856c9f7f873c,1
06f6cc3c6b3b9d21c6c70b7336123854,1
db61b893b0ef0f9af1370f54dbd6e119,1
01dfcba33cfb7b0233d34e3e7f600b65,1
08096fb03e8c62cdc1ae1c71656d7971,1
e6ee58c99255cdf7b4dc4a77d5b0ba0b,1
043708025426eb9d31cab45c7c423340,1
c32595c9ec4586e2d6d61f5e6e939b93,1
07d31c3af54dcf7da23c63219f681a98,1
3c6037ff0b69e9a06dc9d27145193461,1
6a8e18807028f4e2a084917a04267a9b,1
513812aa222614a70c860c3b224e6890,1
6fc216970b9620ced4ba7f821ed9c8e6,1
6f314927d38d19ec5ea66968924b8fa0,1
05a278781a8385af3c5b3ff8e700287f,1
d155ac706b7778e4f24732842c276072,1
ffc1c3dd7059e4a4e92068220d4a243d,1
1e23857c05bd72ba8419ef77f3bba73d,1
312bec78505a72c169608c37963ba2e1,1
208f1e04ca29c7f1fd8005ee98cac5d3,1
2d34940fb2503481bbd5e998f2aef337,1
9e7ee48f1e1d2eb3999b89cc60c09afc,1
a0d0100fa88c36492f9381553121faed,1
8878bbff5d016d2c552fdc58442b9448,1
7fc0191d49f18d9a186fdc194d46c5ef,1
c1ed6b920c803035dc9e015901e04e62,1
a259317d339173ef280d3721bf2fb88e,1
b3546466b8e8d630f8cf7ad6b7277b98,1
6c3744c362752445cd8e92ba41712b50,1
3216a8776865dee59421668661c49950,1
05b025723a2abbb100b026ef06a8733f,1
2034496e286705f8434d6a101b514be8,1
8cae627719a592caa29722515a135fdb,1
21e0d8a4f97c1c9d91b84909f857e6c5,1
a9402a46069b7e6e8716bd6881fe1a27,1
15e1afe2af618ee5ea488e716453b1f2,1
b0dc0cdd427f93ab35a8d7ee440d591c,1
0cfc25416d7a9a994b683d70489eeb38,1
ec5a81d823a0074fceed02965a83b617,1
f35be6837e0fd7ed6a99183864d79489,1
9dee9585c059ea198faacc67e98957db,1
f731f6d9c0cf6f59d344aa932d1e5beb,1
7726529b7e73eb9c6ea2a6b51df64288,1
9eb4225c01b23ea574c1d131210eac14,1
54665664bfb099b419289092d7338837,1
5f615757c9d511ab488d37eca5aa8fa7,1
bf28119569c6db428f08f1eb8b1943d3,1
767db04d544ba4caa3c49866f78ddb12,1
f5163c48b0cafcb078887d56fcf93a0e,1
d07a45daf3ac28c800027fe2e8336b1b,1
39d434abc15723fca6fc8dbdb95f9368,1
b814c6519ce0be1686607e8e6dc692d5,1
55426f7ffd1205c5e53732e13c30c43e,1
167fcc92aedbbceda65f90215e32a5be,1
282759b7f0863328fbb0748c3215b816,1
0dd840dee31852b2ac2726b9646b8817,1
2da59e361b472c73a9247e04e8cce3ce,1
15c218e2c4c0ab1accc9e509726c29ed,1
a45886c7ea5da655ce5e0515f0defed1,1
6d8efa0bbb9edff48e4e512a7fce050e,1
59fdb048b6870e1965acfc76d9e6c74b,1
0e4841776d82850e2e91b6d53cb80fcc,1
d5c43c9c161f0c64b8e9e4060b88539f,1
97facb4cb680106ee29abe2d77939705,1
b0891f9d54b6f738e2f2cd274dd12399,1
c886bac94f3d68cbb79d4d35c90b7c07,1
3976f66ab2da2071c9ea4078c690dd7f,1
416bccf21fcbb2bb6e8e995884d16256,1
87c4f8d0f9bcf5434ed5e59aabe4bebb,1
d6250a0a5f8b0bbe22e35ddec038fa22,1
6bf03d78250bd9f120da66ad26cd86fd,1
13cff1f0bf33d0dafb967ea70fcd0915,1
455ddffa3f97ead27ebd0cace890b6e1,1
571a78116516105973348ea5a871ac36,1
d01563dee8594151ab8d4754dbaad41d,1
1bc81e4962cc89cb9acba3baacfc09cd,1
78d61238b2cec95081232c3840d922a8,1
c93beb10bb2145495c7abe6ecf2712bb,1
a3159b0a73f3a4d6b710c92316143c4f,1
75f92df4c3f2eaa9073237e7a40c6ac3,1
bcd76fb9309fd63c1f7417e9c06c00de,1
fd8ec9ef665ea53e0c137751dd35727f,1
76b9144fd3d3f5f04847dc4862f7798a,1
5faed5794ab4304f6003aa575b1e6855,1
0bec07747971dbf6507c1292127e5195,1
d227a3552a8613ad0617cee57464e30d,1
7c3759d40fafd8fb3fc3a0971bfe0eed,1
360b5a09a7b838f1f523896cbc82ec0f,1
c67756b7e845b096553cd152867752e9,1
cec6f77887946f7abdac71133b2ce950,1
4929af003dc29dc43b96cc02fb139f0c,1
878c439bcdf7eaab80efa199b1798128,1
da46c7feb23070c02f7eed7b6fc4b34e,1
8c8a584bcb20e6a2628f794211bfdeb2,1
1b3ea70317e03f5d55b9037674c2e9be,1
bb11f5d50f52e532436f08a6943e8e33,1
7143d26af64207e449120462d82df608,1
cc32c0b2d86b0304bca5c56dc5eeca21,1
e13ca2c47dba65976c18ae2076fba760,1
0a262111c6140d62e0d0a9f7ff6ba06f,1
d85f97d36a003af38cd719af4a416eb4,1
a6ce992d70b8ca2419382a9f1278dd84,1
d44090c25578e30c0e6de50ccdabf5da,1
2a8b3ec94617060134135b8ff677b57c,1
58da150a8e7d29a0800ceb584b36831c,1
fe388dd419ee31f2a48451a7c11ec3c8,1
d00ce86ac1e7d80746c688a00cb09b1c,1
1e2a71107527a90b660c2b1331757509,1
058274d57ab35e639b6b051b750fff4c,1
5e7bed470d5bc3930b8417bc22112cc3,1
a9ae90f0a64caa3b650d8e6c93a6b85b,1
b1ca48b4a519f2df4a4c1f0ac4294592,1
343570a069061f195a6ef4f6919e797c,1
bcf15e3a00a6045f7b59d1d25d2eb015,1
fef60f2335e57268f78de4b1974fe1b0,1
3d0e8f5fbad73273a7b298e162df9982,1
5f74749826f9e713d1e72b3afd384c9e,1
c67df7d8062a6d8e30b7afab8ffce075,1
a09216b50d47181c71e70a1f25c23809,1
b894b67605ea84c377b1ed5596f444ea,1
1fed12eed2b125d1b5bcf7a48b6be65b,1
d51d2fec2af29cd9379c27b9ff31ab1c,1
c93b748216dbdea6e9853b26b12db00e,1
07b75c59b224d420ea221fadb5629730,1
4faba241c72d903a6bc03ed272149abe,1
d16d08a86bce0e7e993b6276dc063917,1
231d74e359d43b58b00612afaf4ef86e,1
f0751ad65d79dd2625268180b57ee0d9,1
ebc151d3d0f51c63adf0f36f785c90d1,1
69aedff66e753ae3875ae4b2a2a83513,1
c254f5e2f17bdf1b79d70396905fb25e,1
fbfa12f6338f8d65bb5dd2b3eccc468c,1
9606b0ef19200bc61405f40102e10f82,1
5f1159dcef7c6b878c4e442436345ef5,1
f639a2c70bb209466d774e755d0f111b,1
8f5c264ce61c2c4a11222d8da8292524,1
67b4103525ec4024ada7da6ce4b19acb,1
96e258e4b059f2294f3e7226c1f563e2,1
d81f9936d455e0d8cdf60c47dac6402d,1
eeab011ae20f42ea3be892f61ce62adf,1
735f2919b34efa690b9c02cbbb0f04c0,1
ef31689012e44d7b08dd7ac2c6e880b6,1
732571dd631581fea914a9c2e9bcfbcc,1
5c282410c5a6f45f76c9e203229f9a2f,1
2499375553787f2662e91a0f5a0898e1,1
cce4e5cb31aff3ed83cb80e65ccd159c,1
d638758babeebdd98e22339315d46e29,1
7340c0dd7c724756fe30a98a9ee6278d,1
baa86744d582774a1de1896ddbb10ce2,1
0b2977c1a473a2382f721edb139cae37,1
bb5ef8c1d193ab6eede4ce25425e1977,1
9b3a96236d33aff68ad3d7d1b098062f,1
6664e7b976c87849f414b31638d32555,1
eeb626642600a0e36c4d1caf831b61b8,1
29d477e65fdeb0f24fe9095d96215e99,1
b20a52962fde78c78a8cee2cb7fd151f,1
c35281561da90ac031ee2f55ada9679e,1
f3ec2dbe84383ebbf9c3a6db294b974f,1
3e8fa958eb307a78ab3f51be395508e9,1
9d63a3448a4eeeabb2a4148e72b15d23,1
955482a8c8d852d393c79b331c4c2b2d,1
c06aa9087b228f4f08078ed6153f78ed,1
e44c3347cdc098889544b192662fc6f9,1
01f7ebb7f29b3ed8df0bab713cf303fe,1
83f00de1c67508cf82edff49ee6c8277,1
90fb551c82c85f1d03e4eb5d397e79f5,1
b6c8a08124fa25a75234e00d11652602,1
390062199f3c65daa8342731e5908933,1
272226b011ca9a54b224644ccd4fe9cd,1
533e519312f6ce2471db146628bb068e,1
b54e9059a41cd2fdc425ebec951de1fc,1
7a9bb0aee7c84dd992fa3f86374125e5,1
0554c84f83721a7bebf4a224992c04bd,1
81cb134925179330a473b16c3444ab94,1
04cfbc90c0e5b374c29106855d769e68,1
166b2e2512282d5ea039258b52ec85db,1
fa0df1864d4ce852cf7d1123e935a72a,1
956b7fe534d9ee4f18d90c2b21aa1bb7,1
a521999ab86bda66a86587acbe87b93b,1
07ec66b29d2e46ad12f679c635b756e8,1
2ccb9fa738f87c8ae7a386cb9a9b86dc,1
5b4ec9e85010ab830bdf22a3badc4cf7,1
d69ed3503c28a738411d66862f35eaf2,1
2ed5a1de5a8cf01a89c7352eff3c51ec,1
c78338da41935f015e5d93e102e7a9eb,1
f5223ed52adf7cb5cf7909a935ee0576,1
380bc5e023be37b5e77d5d4922f8a38b,1
1285e17bfffb43459d1691a3f8c4aae2,1
4768d03680b9dcddd13ecccf430bd8e8,1
067b625e89cef7ff5ca0cc6d2e58b02e,1
30e249bfe69710fc8b9cc03d571c0b07,1
16e44ed57380f6b72cc7f8f5d7b76da1,1
f3bebf283f990ffffd44f21b4f01bb76,1
67daf18f9b86193a9214d7634cf2cd8b,1
a9f7a808af8f31f3129379dda79ab83d,1
b7c5763860e0e385496e03fca040ae6c,1
3ed41aef14cf45be0ee9785475a11fe3,1
99273ca531839ad944597775a3458646,1
e144c6398fd4964d96d31891d6573646,1
276e5a2889bb6727965e5953a55c6cc7,1
b5ebf59d1f93bbe82d433668bc79a001,1
503574d0d37189a8fe369fe9714c39f1,1
fc9df14ac5f8c11cb821a375d0feafed,1
5b891510fc879e4e23678cc8439b4d9b,1
ec2845010acb1a0c2461b26f3a24a708,1
b6fe1593f0f8db624b2386567ffdd899,1
3182807f1f9365daaec0f26a3951c64b,1
9ecc9c39b53db91715784c58a31670bb,1
9d7ac249be1e2bfb1324e6567595e7e1,1
45ca2db0eb6e3f79a69a9e3567daabd9,1
92567452233f57f79debad62ffe1e0e7,1
8f109cef8a1c61d8850512eacc1c6b87,1
706141dba8a99f1633e050f2da60a9e6,1
96c50239acf872294f6d56f8bc9f3fc5,1
8d5aac42c79796785005cb877a73c73a,1
30e1bb2c57c8f612f6ffbb6f9bf1fdeb,1
4344de9d8c2720543896aedf6e82fa35,1
224e6eab17d6309df3b8b11eebdf51d0,1
df10710ba006cdfd0e5f783659ca403e,1
fcd6d04772a29db62fab0762832985ae,1
8fd399be5e8755a1099b4ae6bdfbff79,1
737769cd4f8db9b6d98226c14ac17f2e,1
ae16f049e74354cfdbab27397ce7e168,1
1f9f5d559d9c394652ed2e2ba98ebf31,1
b1a8f26337ceb8dc9ff8ca1886352ccb,1
964c2f3c00b1e36c4a079801e465ff90,1
1dd94b849191805085e4f8c2780608a5,1
2b8729d21fb36c0070b110ce11aa43e6,1
5ddaed762a5cc6b5c458a744ed672a16,1
fb0d1c9e31e2e52c8b6ba6fe0bd38543,1
60f4a16599d4aa4d15843e7619f9b2e4,1
92006afd7969fc34ac44323d5a41079e,1
ee6e05bb56e69b0abe7ac6b0e59e0596,1
87257849e1157985f2a885f26411c224,1
c3337d81a285a71930ceb8324e550d6c,1
6117fcc6a1bc9976fa5dd1d2b8e8bf7a,1
21c65d2d25e22e743c9cb4d0a96b4d5a,1
c3591c79894800a89cbe4d645a788b2a,1
1c2a0704363ce4ea38c61ad9ca473935,1
5c68b8b26c0e297e129e94f21444a873,1
c4239430c689ade2047beed16c1c899d,1
4563521573ed9928f2a44a9170dbdc15,1
85bc51e10b4ad421b5eb51d3f7e70041,1
107504c7464bea2c64f9c488a9c8cf5d,1
b3c9c3afef679d3630a0216b55af4606,1
dd1f25c61f34b99f0a3990fe3b4c6860,1
7b1568c63541fdad76b60f0027b2915f,1
3806cf95113cf90c71955f59397e005b,1
17b5850ddf1762b2121b0cca235804bf,1
5cfcbccd386d5e782e77ebdb1ba50431,1
e58ea36716ebc03dd7d6e8607e91cc9e,1
9ae49b23f9ccacd760d66398f5ce8a5d,1
0f51a949223c289e2184957d5813c6b3,1
c3bc1406773ffb9c919ce9164fc36cd0,1
6c3c5bf213d549535e450c0b5086a011,1
6cdb94b81dfcc81bb572f3c96776e468,1
16bc6e6ba45e6887f64f879b417ef5af,1
9b495cfba3eea948d6807fee1d36a36a,1
be612b83766ca6a0f77bc5bdb5556135,1
2f408e5654a838289aef4aadee3da9c8,1
a13967cc16dcadfe6907805e737b0e2b,1
8f6bf41c434ba7629027b99ad4617b85,1
8cb33151c8f7f9abca3bf85c39588683,1
09403051ccb04bf2ba4d738351fa81b4,1
df08b686ff716373bbec3c178f5ad012,1
59c6bea56ae3059bd541ec04793b8794,1
1de7b1bc15e7b0bfb6bb5acf3af9065c,1
98154ba118746542961ab2c6cf011215,1
c8c22c8ca456ec2a11d4f9e4dc3c0e6e,1
2138a178e588758e91421e017b9e3517,1
fdb9fa4276d8f0e7a33539b00f2f5935,1
e04a1baaa8662f5145aff4f51e853ea1,1
7afb831111f72f790b45052a898847fe,1
ee13b9e22f7a9587bd12d7d5fa88f603,1
e11dbdd1368973daf7578d148ffd16b8,1
1c0aec774856e2bafe301e23e89730a1,1
4b6ca730d477ccd8e846a3f866aa56e6,1
67341c462724459c0b62e515567b7b2b,1
24a3353ad168e7519156c910554834e3,1
e61e6e7fe43ca4ba8fce8995337bac6b,1
769c87a32a09148bfe20d02a3618e5b4,1
f3a3a9a004257da5e3aae481e217eb77,1
ffcb2c1caa03a3a85987e567b0f703af,1
5f378183272acb28342313bc7aaaddb5,1
0b24974c627923e6190e8a113d1c6a13,1
7526324ff23ad3b1b35d249e265687a5,1
1b39779854a019598a76e5909e6b1802,1
aa8fe012ca51cf0816ab5c2fa749ec49,1
037c8010c8a7850a0212f57ad7546572,1
4708c2b4f99b2fb2312d1fdd10f1b733,1
09aa2904d688cd2a36297b33e9056c39,1
30004a110ad329cc69226e042e1a2f31,1
33cb8f6879771b2d281794cde3e4557e,1
7acf35453406b2efd9a57df8a39cc161,1
d37b4f5468738a3b6945ab4304112ff0,1
51c36e07e8849a772bb9106d2a2cb099,1
0c2cbb9922d7dc939c386978259c7819,1
54788631b208a44b0a438070b25e9e8d,1
5c893abee52bd6fb857634678f828b53,1
90f7c6d06182d734c44e624a57009c9b,1
0b018948a663259ebf9fe03ba8083ae3,1
24cf1f4faeee4a2f31fdd0656bdcaf24,1
c650e256629cb45fba52f4b90cbb39c2,1
2d018592d4904082ec4f3a6ea1296963,1
cd14a225caca3b11cc35fa4bb573810a,1
5dfbc8f1c8969f3b3d958f3a628081a1,1
afa0b086fb2d69e045f727267be2b3bf,1
7c4339fd012da30049b1a89c73ba5286,1
6c976483c947f9ca15ce51dcdaafedd4,1
0c113580748eac7be5e99cd1a601c9ee,1
750e4a7854d7bf1c423a9e5e2e26de02,1
b934a78215afd4944b00d2b6136c363f,1
d9ea774e589e3548402ecc1df5ad550c,1
6f28aa9657afd0e9f57773dd339faa97,1
db6ee506415d3191f5096d3c142c1739,1
d433464ad216015ce0c879db94025faa,1
c15a0f24965ee975b5f669036c4b6fdf,1
1cfc4f277af9ea2812c369ed194fd435,1
3663c03de39316987d8217dc4abdb77a,1
d9779f9e13ed03c5d72c7aa29a165fdd,1
f01cc906e2b15255e263dea3e2194214,1
11adee13bee2b55e512e28453f1480b0,1
e23c9b7accbdffc72ede766b570172d8,1
2c8f6f166091c0eca6d47be2c45b8a2f,1
724e2742c9c8446c81b9385e3511f8b1,1
9b73a13dd6a2bbe29b691a184bccbb96,1
09e6b48c522872e8d5051b78f9621a08,1
3c124cb791e08213682706f7f9413f05,1
a3922d5bed34fc264abf1caab3be2b57,1
4f1d174b97c6fcc76b48a84594dffd55,1
42ade0589e2ab52746c310d812b06061,1
407ce1ef205162a2aaf16c4c25ba535c,1
45755c542f37d22c9a4e55c7044d7172,1
e7d37e65ce09fcc923f3713d2dbc8389,1
b6b8de3c97866553b698c070664d8b15,1
94ab20c9617e928128322d4f73138e75,1
b4a2a62b911049ed78aacfb866850e8d,1
bfe163cc9aee684f0abda9d18d290397,1
0bf9299fc3071cb2a71c286b5aea4afa,1
2c4e6321417c728417260732b83b6170,1
8626658ba6418cf96df92ef27e3f48dd,1
34d073b6519dfdd76b2c367abb2e716d,1
93712c1404dcaf12afc300178b4a0fbd,1
b0a703072a42e588a580588aa31f747c,1
e9bcefd62035b9897a74bd972fbdbfa1,1
7fcd287e1ec0392b25b59079645c2d86,1
ca74e4977fa18ec5d3bae4dd42532f5c,1
03d6c0b8c4531020e592ae14fdb3c894,1
ef52852484bfff21e7258019330cac0f,1
0d17b59165feb075f20e127cb21c8468,1
05a516d37723ce262de2c2d76da44693,1
59b7958fe985adae85a2e6962082a8a6,1
850e955e89827010c8d663badfdb4872,1
290d99fe1a9e0a6c5d0493ef929848f0,1
e9ea1d75cb88461f598091ef8edd292f,1
634ba61a5dfe7ae4267299d4a655c228,1
a88dd2a08dde6d371a5543211f9388c1,1
ff47cbc448c4c6d9b199db15cc5fb47f,1
a226edd1a000cfc4ac97571ffc63f847,1
808939d30a29ca0e3632e9509c45cd1e,1
3de53ca160e5a30dc52be816d54fccbd,1
c5c6b7ba7914e86823c7715d89890704,1
afddc36a8e5a8a60e3aebf8f72d4e2c8,1
a18dd5db3b87cf10322d84dcd942260d,1
8316ca6405b78cba0be22166e36b667e,1
065d70b6fbf24d9f6cadaed09596ec08,1
a6d2d8651174721f36ad54292dd5c2b5,1
8b5c47318d0cbe62859d1ee957934dc2,1
9c91221397b8b97aaccdc12daaa7fa07,1
5785942e0f242b125b0d3ef3993953b9,1
40dd79d3bc57b80acd682553784643bd,1
88132227eb92b1f3a84d101a7f0dfc6c,1
e82e5d542ea4eb10bf5502bf2a1f4856,1
bb162fea7eeed69f4b92407f6e0fdcd6,1
58ae554a38e7d2b7119bf1eb827cba74,1
95038843617f88aabc0354e4e544ce0f,1
75f6b58ae515e9c9271beebea0cd707c,1
7390fb8a05b228f05f02eb00e1c0b148,1
10656fd30663b9d6effa337314a84065,1
4ae57be4e7a82210571c680a16335ead,1
2bd5733006a4432bab8271b3a8437bb7,1
38890f60b354839764581f4a2fd374a2,1
8db07b79c2b6f5fa65655ede80d4649f,1
ad051b60e80eaa9a4b7ac2338dfc26ba,1
9e81e6180e9ba75ee59274c9200b364c,1
d7b41a8f1f1efb30c8c0e74baf9e4619,1
af0fede5216d2111863b71679921313f,1
42961c6744556e3b1ad8c804d4e04ec2,1
967a7fb87fad671ebd00f7b888e84633,1
689a8eaa0d86324ac4db3202f2abc3cf,1
35a74b4b74976ad81a6a7302145cf945,1
fa053a9d77040a01fc1e82cc9a143680,1
72760b2f68cc69c0e65086a3e8f30fcc,1
c2beb62aa7761dfabb54a3982c30c5fe,1
6e5deb49f00fb32bdb02f44aed9413f9,1
0a0185159a901cecdb74f0ef5e971dd7,1
475a18386d952d9b4c895f4a3b55429c,1
69fbd1d0b07b24d4579c6f8c4330e976,1
76d65cec000d7ba0238686889c70ec78,1
bee51adb1be90147fb8e9a8986ecbe09,1
f9a3ac6dd211d6be7ff817c8b58a3360,1
8f6c01121caf8b4765913d1dcb67fe79,1
30ef0b422be67537946082f51c2b8831,1
85a0d105f65dfa7f118eb7c331617906,1
68afadea645dc851d0ab453c901c48bb,1
dd2f858f6ff3f127cfc18e00900672a2,1
a8ca31326101299d9dc894496c069477,1
53208f77bca4c827bc8c1fe3b2d67d11,1
b110bada008ef1978e8f4a8a536ddf26,1
41a89d6c22ef803f3868b58864c23bfa,1
164a07d2f5b4cfd20315439fcbefaa3b,1
3241a9bca67b83d2c2bb5dc4e3293cb3,1
25a33a7aac79d6d9d6bcda39889cf910,1
e1607ccf1948f3c683dac36df40e9668,1
6783d9fc55a855d50fe8b33235d68033,1
8b5ca0c1e7e9d7645b3e3fe6516b9403,1
27bf876a4111c56194e4fcc200878ebb,1
d1061a71f6d38cc7d1a66180244c440d,1
ed4576ce81dcbf747501967ceb53d79e,1
9c2aaf8623a700eaf2f2c0c2e535a9fb,1
ef237ceb941c143529dda36a40218ffc,1
42a9770dc511d6a1e6aa824b492ecd6b,1
916bc7afca6e16f5ed45d81e4b203cbf,1
f773da73d31c8856e072c09277db7405,1
0d45b7ca4f8aa42a2de2159dfad46d48,1
66d43d52cc46a8e432279a7dc46ad0cb,1
c9bcae099135a06c153c1a4257f42166,1
b404ecfef6d3df0cdeba0c56253894f1,1
5bd7e38622741d987d5c810dae0e9e20,1
e6d779d41b42e9cca5f2b804c766c2cc,1
3a3377cc3fe2ab5a87869d46facb20ff,1
306959f5a498d5e9c7ec2df7139539e4,1
2ac03db64723e32e11a85961434835c1,1
dfd5a0709d7590360057993b671bafe0,1
fb73af25e2180905458c537a0fc9bfba,1
dc09f9909ef579e98adbbaad4c493ba1,1
43804454d4442f8114f17b60fc0c3379,1
0b7839c8646e011618bbeba7bdfacf5b,1
458a12a2d3db762fffacbea1aa2b6ac0,1
e771eac64628554971d1b86fc0c09ada,1
e693280f4863098f9eeaee44a0e16b4c,1
7e3fa511fc7974cdd8996562f580d8db,1
144ecb748d7e67ab4aaf4ae5b13f7e1b,1
8fc10a22917a71c9f636c15b3dc1ae35,1
7d6cfc92ccffc923e2ce52889461335c,1
406c67cb1cb385fbbdc6ae9fd6a0f345,1
7acd617c11535ff1116fa4a5e20e4377,1
5b6c631b37626c8d422555a60ede6b01,1
862472ef94cdd709715e24e7c4096805,1
c050ea39c2bacb8d7882366f761cb2ba,1
67bb2362e127b5190a8e1b472228104a,1
7383cb692cfc6e8c115c0a874835672d,1
a7f242081257d7f1507677ccae22f2e7,1
e01792b3f091dc9d765146545d9ebbe4,1
298e8f09cdded5192756eb8c320d4c9b,1
9c79e2fa62707fbcac6c6eddc840c648,1
3957d90202d6d18a7dfa70ceec530344,1
015bacf75677eec9a6567f9b146de72f,1
3683d836e6a9357a0f1cd5fcf0bf7c82,1
bbb5b595d7d6b04eb64e56540fdbc462,1
024171f47e380042497a3ec7bc640ba4,1
7f506c52fa66ab5eb1b0e0581d4ff5da,1
43644129d8d8bdee4ecb040808a4d3d9,1
5fb1c26da4fc9dad18ec5b86261af7c9,1
c035d134fb26a08431dab2d51bcacdc6,1
f968e5d93d67daa5add503e5bb8bc526,1
2e868cbbe731a5b88dc7acfa89f2ea82,1
6f062ef2b141f639f6c5794d9de5f085,1
42bfd469792536e2e2e08f1139c2a5b7,1
c7299ff8f357e467afbb64387ea10d35,1
ebdbf9acd96bd495fe56493268031cd4,1
12b0e27184dae2753468ee8a32f96d5f,1
b27fdf51f2eaea1192972da21f111830,1
da4e1df75f03bc759c4fbc5370317e69,1
86a704f3e24624dab9bdd18ae334172c,1
485384e3b7b20d89581f9c00d7da82e9,1
29f194f3d8c3aa5f21ea9b4711c59ff5,1
3937489925c70fd0cb13f9d1bdde3a51,1
1252cc23923a454c26d0b06725391955,1
66c0e6436dd6065f1d42dd2c8536bc58,1
650551885f0bfbe387a9c43327cb7e4b,1
2d496e384be4cc46a62db5de0de2001f,1
bb4d1f5d564c24fd33f621fd3282ba3e,1
d57055cf1f5dc18d6b831213eb3117d2,1
54715b81a2428b3383a14260b7bf00ea,1
43bd8122e2955562655366a695302877,1
1f1f0f7f364ce2f686cc9a29a145498a,1
1f14af964c44532a02e804285235231e,1
fbc0ce4e3378404561ed44ea57bdce0b,1
661cfde5c69982f0d4f7427280fd69e8,1
baf89164b7672e4990153a625d31661a,1
07be24017b785f5149b9fd7826a9cc33,1
26f519af66772d7883bff40efa1490ac,1
14a86ced9bf99bce0ac9118c64ba400a,1
600391ad8cdc3bf4b569d78b17632b90,1
68757f1961c7bb9802a2da1a7ab96e58,1
d6d3f5270c51baeade372f6c2598e581,1
7d81a575b56b4fc6df1feefad0112b77,1
d4555fc7823b8aa1debabe138bd7a496,1
2009b19ab3d033eb7eb603b8422bb486,1
9c0d0943e928a1ef3466a3ca5465d7eb,1
1fea9ff0a38868ad5d39b611a6fc20ba,1
5570e1bd21917483b8e8b9fcd5b5429f,1
36676c1bdbb0538c1eb0192f02e3180b,1
61db44445c72e3bcbef80977710420e6,1
289dec65c732f4c2b7ec6708386290d0,1
3e9117c0df2981642c8f4d13b34a9251,1
615bd886484ca4f205eb048706d817b9,1
626cf898022510dc14b16d012c7f5d79,1
840001404773da1bbfe64171624f13d8,1
4bee9a0b40829db1515cd0ed4105fe39,1
36a17c6548ee30e4fd0c0df07c974f9e,1
98b1ea99f78f42ab9dbbaa410e868c8a,1
a6668b5b79f6b7710fffccd2e1f16122,1
211cdb734cd213afa6324b9a23a18c78,1
60153f9c901c28b3b11093edaaa11d3c,1
d091378bb6e739a8eff8a5b25e520186,1
29980230ab1524421f4221817ad510e9,1
d2497f10ae58dfe31e47c7484567e87e,1
2ab7d0fb20b28230f3f4f1d4386ed50b,1
fc39186de7614a95f0f81f7cb184e70d,1
330090c4042144cab7d29c55331f5c26,1
65f8239d9f87335b11d299dbaa1373e2,1
02361685d47a77f485516a29ca9b569e,1
0be42b0c02eb7e7effeb13c8201d2a2d,1
358151ecba72a992844a995e07e0b443,1
be6308b72ff79c4782ad1a988578097d,1
b53518d445de8159f74c6386b8a6796d,1
1fd9f0fcb02056af2bb1b9ae68639ac1,1
df1cefa9595bac859ed1426e93bd351c,1
ee826876f840ffe9b23a176dfb03d825,1
80727de8fc08a03ee2cae7168ce72ee3,1
adaea80aa3234139ebca843a89a01580,1
ff92309829b94e635e6ab63cd8a48889,1
79b9b1fb562a63ab027623f778fae1cc,1
4d4dc4503635c5d9ae1222675ebd2da8,1
40aeed25b68db36c4ba9bc9383b9ae06,1
b14b09ee860a62a564dc437222acab63,1
